model_name,lags,out,Accuracy,Precision,Recall,F1_Score
GCRN,11,2,0.9160329298401002,0.765504822444316,0.4241416764373727,0.5458447302176637
GCLSTM,11,2,0.9163861040867062,0.7640694593094968,0.4299904331000352,0.5502722087463667
LSTM,11,2,0.924763873021578,0.7615243405965695,0.5397623380640335,0.6303387400594261
GCRN,8,5,0.8971965649589876,0.6568151336519504,0.2898724227062911,0.4022273633702859
GCLSTM,8,5,0.8970928462318524,0.6512144539935514,0.2962191563890491,0.4071938528327782
LSTM,8,5,0.8865032326525721,0.5283633182331947,0.4662125293697446,0.4949563169065374
GCRN,5,11,0.8854091675029465,0.5830229811241189,0.1757515910442771,0.2700455707085355
GCLSTM,5,11,0.8850613219786851,0.5763547690263529,0.1778768711212018,0.2718437559585507
LSTM,5,11,0.8838192822686788,0.5518571430462574,0.2455796118253694,0.3369733476091926
GCRN,6,12,0.8855756445086372,0.5885411767687774,0.1811450817323517,0.2770125704721817
GCLSTM,6,12,0.8851738367894357,0.5803963197465952,0.18481326945983,0.2803343610845891
LSTM,6,12,0.8809968533993603,0.5449411285554149,0.2701380321246149,0.352805384116157
GCRN,13,13,0.8850484644955265,0.5606856284084455,0.1962783451329746,0.2907634545423893
GCLSTM,13,13,0.8850411085456514,0.5607155123260489,0.1959580784219747,0.2904079053622511
LSTM,13,13,0.8459493480772735,0.37932730043956,0.4250546427274714,0.398837435306166
GCRN,9,3,0.9060994655747104,0.7094751193359861,0.3580942981300396,0.4759425113218428
GCLSTM,9,3,0.9063688033694324,0.7108934586699529,0.3601985425520192,0.4781214200893278
LSTM,9,3,0.905321803325218,0.620971653934013,0.527177907350003,0.5700895316449459
GCRN,8,9,0.8895361486525213,0.6063734907347748,0.2206854185016403,0.323591878993905
GCLSTM,8,9,0.8892780395168718,0.6009032877954741,0.2241209678448793,0.3264717090954908
LSTM,8,9,0.8677047009869666,0.4572335772283347,0.3942456822272431,0.4162940476117236
GCRN,9,6,0.8946736325943803,0.6353176574873066,0.2769547010527472,0.3857436876632062
GCLSTM,9,6,0.8943803048520454,0.632741218167179,0.2753126351168963,0.3836727307916091
LSTM,9,6,0.8746617945108376,0.4786634806755565,0.4701153077141745,0.4728160115099195
GCRN,6,4,0.8999145604933855,0.6805276277698523,0.307735778509748,0.4237868170815613
GCLSTM,6,4,0.8997316705425366,0.676418977444835,0.3100094364817947,0.4251572058042789
LSTM,6,4,0.8976254546693584,0.6018893547180747,0.4398953084661266,0.5068380627652891
GCRN,1,2,0.8952731882491107,0.6676083320267794,0.2545190039688704,0.3685353172358158
GCLSTM,1,2,0.8952590274862949,0.6713755072268974,0.2501108741401958,0.3644441269678476
LSTM,1,2,0.8942694699889342,0.622046689201766,0.3044222539229672,0.4087776081712187
GCRN,10,10,0.8878818735169711,0.5916305434974528,0.2164223096282921,0.3169119464686584
GCLSTM,10,10,0.8876754702706421,0.5890113355200993,0.2161483111535264,0.3162388901507779
LSTM,10,10,0.8706950892396575,0.4858609900769609,0.3765055250397405,0.4113328474221395
GCRN,11,14,0.8837109973872298,0.5584873746941722,0.1885715275757148,0.2819392512947535
GCLSTM,11,14,0.883550628206196,0.5565737941478607,0.1879540174592602,0.2809806664404742
LSTM,11,14,0.8647665071858892,0.4564734128121719,0.3279695189097823,0.3706759525736368
GCRN,5,12,0.8842688595435423,0.5737692086728674,0.1700480472089283,0.2623224332802076
GCLSTM,5,12,0.8838354855164667,0.5655047117074786,0.1733600841122159,0.2653409809170614
LSTM,5,12,0.8799570136524639,0.5208420470588384,0.2333976646546355,0.319425926413529
GCRN,10,5,0.8971036973330083,0.6496139393776783,0.2988487346983272,0.4093583523766003
GCLSTM,10,5,0.8970371872713503,0.6469669238369165,0.3017987623826286,0.4115698808274956
LSTM,10,5,0.8888392316941154,0.5509249264019289,0.4596331328014504,0.4962813645976901
GCRN,4,13,0.8822174738841404,0.561405777041181,0.1348388109350033,0.2173997766246592
GCLSTM,4,13,0.8819392926960242,0.5550599489145125,0.1368084150959025,0.2195038102560759
LSTM,4,13,0.8824216921013578,0.5574459665802485,0.167364255243086,0.2560034623951083
GCRN,10,6,0.8948671721861137,0.632350557471741,0.2769470836672109,0.3851683157845428
GCLSTM,10,6,0.8947500487178605,0.6288753726666779,0.2803622144970147,0.3878232417363981
LSTM,10,6,0.8800349335717643,0.5077363578496528,0.4562601292934648,0.4748311820114422
GCRN,13,14,0.8841610417108295,0.5560058141808504,0.1904987918181181,0.2837592957984603
GCLSTM,13,14,0.883929684023142,0.5517599610571428,0.1942371576646482,0.2873217902496249
LSTM,13,14,0.8532512182755589,0.3944645094542662,0.3871389347417125,0.3889075207364646
GCRN,9,9,0.8894589260673034,0.6028297009021714,0.2250625486666921,0.3277535907736688
GCLSTM,9,9,0.8893156573472265,0.6004594208670321,0.2259270605956164,0.328307633082554
LSTM,9,9,0.8679674335431067,0.4616553523653697,0.403208969989405,0.4220641474961394
GCRN,1,4,0.8877363978241606,0.6651820585703094,0.1265756973556845,0.212678947644415
GCLSTM,1,4,0.88773173409988,0.6698824131281572,0.123883779656308,0.2090903865778103
LSTM,1,4,0.8868027626206738,0.5997741808853786,0.1655249788090228,0.259445444431066
GCRN,8,7,0.8925679370499211,0.6278749109556994,0.2508865510889432,0.3585110895646938
GCLSTM,8,7,0.8922971729800736,0.6216858182477341,0.2552613269608589,0.3619174954936799
LSTM,8,7,0.8688965703992082,0.4744999581752196,0.4513031866799211,0.4507223567900804
GCRN,8,3,0.906199647139534,0.7102261494809736,0.3586069441982359,0.4765660576424454
GCLSTM,8,3,0.9062186451242072,0.7068238688827044,0.3630372602660968,0.4796761000595344
LSTM,8,3,0.9100573790483036,0.6723119402294396,0.4897518697208235,0.5642324555849878
GCRN,3,5,0.8882340855076538,0.6126896750300743,0.1793901563906006,0.2775002183069229
GCLSTM,3,5,0.8879978192907583,0.6056035140551869,0.1835368423450616,0.2816731152939572
LSTM,3,5,0.8865054304771153,0.5642140750560004,0.2332910938229699,0.3295922031228437
GCRN,14,2,0.9164384091612504,0.7602465470009555,0.4249989057005705,0.5451817496869712
GCLSTM,14,2,0.9167662230475602,0.7555037782486753,0.4342537607423727,0.5514992071486201
LSTM,14,2,0.925992726709997,0.7693353662829127,0.5333374673534003,0.629322378446953
GCRN,8,4,0.9006004475651345,0.6799065374258517,0.3144535511282081,0.4300026703972196
GCLSTM,8,4,0.9005854716763155,0.6770270255960034,0.3179246569443646,0.4326693110691629
LSTM,8,4,0.8954855824978927,0.5741458424079333,0.4823426824366997,0.5238752292290989
GCRN,6,3,0.905363295369684,0.717635924680288,0.3444178323628758,0.4654219307184913
GCLSTM,6,3,0.9054771579225336,0.7119478631816445,0.3524319987466738,0.4714569390092964
LSTM,6,3,0.9060819640012608,0.6463397079409156,0.4831249599434105,0.551587803883751
GCRN,13,3,0.906767426665291,0.7029720922703502,0.3650528961266111,0.4805338540844763
GCLSTM,13,3,0.9069839059114824,0.7003320571908447,0.3716701882233645,0.4856090241232224
LSTM,13,3,0.9047438586838152,0.6106172934214488,0.5374964521630282,0.571407510350209
GCRN,14,9,0.8895735738329507,0.5891335336980018,0.2381498088678849,0.3391804171451488
GCLSTM,14,9,0.8896223071552475,0.5901589864400906,0.2372052775044759,0.3383844153435418
LSTM,14,9,0.8652909244024098,0.4366697402940788,0.4527571412442135,0.4443995426999131
GCRN,4,14,0.8815070522173587,0.5567058145861409,0.1291007827596073,0.2095686317843877
GCLSTM,4,14,0.8813197914056781,0.5530224616014598,0.1289285968412059,0.2090973877168431
LSTM,4,14,0.8793181874008245,0.5192897308103064,0.1720618759080511,0.2569340918187029
GCRN,8,14,0.8839826020970026,0.5660620618116763,0.1789612397491435,0.2719172914964899
GCLSTM,8,14,0.8838212211230285,0.5636152166641477,0.1790340078995229,0.2717344179368259
LSTM,8,14,0.83194373444137,0.332635758849814,0.3735134124236839,0.3499367441321198
GCRN,12,6,0.894831808750874,0.6293343257704163,0.2812524475987926,0.3887589782022263
GCLSTM,12,6,0.8945884773662552,0.6234841896532168,0.2867225371884395,0.3927867532117625
LSTM,12,6,0.8758691266320483,0.4935952402924387,0.4785525879779972,0.4782134956967107
GCRN,9,2,0.9158782075144732,0.7677074201369802,0.4199969788736953,0.5429531178459007
GCLSTM,9,2,0.9162133251179888,0.765457135059455,0.4263794678501809,0.547681648369505
LSTM,9,2,0.9216669447903164,0.7160802709282947,0.5660475755461405,0.6322684303784859
GCRN,2,5,0.8874885896092612,0.6535790324058525,0.1271097923524654,0.2128170411262532
GCLSTM,2,5,0.8873955005835101,0.6447893938842032,0.1312841000990967,0.2181351462389624
LSTM,2,5,0.8880017036790949,0.6435199396516877,0.1435236863986878,0.2346931646677062
GCRN,4,9,0.8853588009019763,0.5841231530309854,0.1675712712590236,0.260427788961341
GCLSTM,4,9,0.8850551754532348,0.5753258152279616,0.1747205393052655,0.2680359058614627
LSTM,4,9,0.8872630683646948,0.5945135524402919,0.2023248856383923,0.3016035122900568
GCRN,11,8,0.8909261193644898,0.6070609679690161,0.2439987681468714,0.3480772178554726
GCLSTM,11,8,0.8906403246328966,0.6025759907111607,0.2457311066327366,0.3490922199721867
LSTM,11,8,0.8841832808899893,0.5467537436241792,0.3910425907816324,0.4450749867011465
GCRN,6,13,0.8844323818139973,0.5791619985929669,0.1744113857965283,0.2680848139591365
GCLSTM,6,13,0.8840990458353504,0.5725775407014095,0.1772615406749254,0.270704452420236
LSTM,6,13,0.8678434609168129,0.4553970606016208,0.2958392098476938,0.350818618166196
GCRN,13,12,0.8856073503055428,0.5681235071393678,0.20549260438389,0.3018137030804072
GCLSTM,13,12,0.8855470622530286,0.5673704524924317,0.2054664029776283,0.3016683653585543
LSTM,13,12,0.8531132272390289,0.4131335816799458,0.3918640446117825,0.3915954256990008
GCRN,1,11,0.8816683529128493,0.670212609223337,0.0479434454721034,0.0894837834265682
GCLSTM,1,11,0.8816231529575047,0.6608771664859345,0.0492469808998255,0.0916629899116447
LSTM,1,11,0.8815907583595605,0.6478143527230543,0.0521728476944382,0.0965391230528445
GCRN,9,13,0.8848542844946291,0.5701656775483853,0.1876367414961044,0.2823333668292407
GCLSTM,9,13,0.8847334957802018,0.5690279755506171,0.1862009145086332,0.2805772824832447
LSTM,9,13,0.8678723081241705,0.4649407847543753,0.3300095985980762,0.3755747722406538
GCRN,4,3,0.8971164663423996,0.6713807485580096,0.2741062336361414,0.3892652483249739
GCLSTM,4,3,0.8970775656697304,0.6652074782878774,0.2810436788921356,0.3951393519103661
LSTM,4,3,0.869348711876631,0.4555760880530232,0.4723003045487669,0.4637681542483648
GCRN,14,3,0.9066416772699656,0.69966164960413,0.3674777972117033,0.4818566891107171
GCLSTM,14,3,0.9068237674381284,0.6992944359642047,0.3706440446069239,0.4844918316056329
LSTM,14,3,0.9060993615094513,0.6187263754411819,0.5367740276500826,0.5746314808427385
GCRN,8,2,0.9152902643258116,0.7681355127038109,0.4190170605728596,0.5422212817097688
GCLSTM,8,2,0.9156510183741792,0.7665026269485705,0.4249960870245735,0.5468029553414937
LSTM,8,2,0.9211810755326126,0.7201385330690501,0.5590709884887378,0.6294289139763852
GCRN,10,8,0.8909491815399428,0.6077751721096847,0.2432092295334986,0.3473878798100832
GCLSTM,10,8,0.8907432984284192,0.6058476206533817,0.241893271812715,0.3457404589293203
LSTM,10,8,0.8806057636094776,0.5209353796791847,0.3907584001037349,0.4380372565013264
GCRN,2,13,0.8805149467598925,0.5844504510144319,0.0696827615396617,0.1244967185438858
GCLSTM,2,13,0.8803422007052163,0.5742105755184108,0.072368461542199,0.1285187235936811
LSTM,2,13,0.8808914307305897,0.60537705184704,0.0667701040149995,0.1202427222898116
GCRN,11,13,0.8846792139431902,0.5651693489824877,0.1939183194527918,0.2887532961307498
GCLSTM,11,13,0.884542625692849,0.5630500175492295,0.1946479009671247,0.2892732516321818
LSTM,11,13,0.8480318382574001,0.3794619137752207,0.3749112239753606,0.3737414205257067
GCRN,6,10,0.8879428797413942,0.6014340276245379,0.2002552549759697,0.3004630116497997
GCLSTM,6,10,0.8876760376904296,0.596024036902606,0.2028246881925973,0.302639600292827
LSTM,6,10,0.8859116544585438,0.5774225331480625,0.2912133053087025,0.3778021625963265
GCRN,12,9,0.8896901767998484,0.5917723161391315,0.2356050904046839,0.3369982535315722
GCLSTM,12,9,0.8896024798523989,0.5907880416457354,0.235227503669414,0.3364754296709548
LSTM,12,9,0.8584589310435005,0.415786466939439,0.4555871868901112,0.4340353624976995
GCRN,11,11,0.8869736583297507,0.5795179365808544,0.2083129734891904,0.3064522218184196
GCLSTM,11,11,0.886853584756027,0.5770796728960279,0.2102206199261412,0.3081644182001908
LSTM,11,11,0.8518755214253044,0.3954730963023627,0.4200593699605292,0.4047228622721437
GCRN,7,11,0.8868106474838136,0.5925646151140095,0.1973089288977182,0.2960224863448382
GCLSTM,7,11,0.8864671631199021,0.5863546331497483,0.1996078599077576,0.297812075707788
LSTM,7,11,0.881936183250018,0.5611443840997848,0.2876837427737237,0.3696843765944131
GCRN,4,8,0.8864484679665738,0.5866116730766893,0.1829320262894062,0.2788862734831134
GCLSTM,4,8,0.8860479485171732,0.5792603267587839,0.1851845382644536,0.2806418002725788
LSTM,4,8,0.8867438566764652,0.5808895041013842,0.2221609891946084,0.3191742441788938
GCRN,8,6,0.8945430428438785,0.6352855199936376,0.2744987685699885,0.3833296739634939
GCLSTM,8,6,0.8943721750838293,0.6331327353741972,0.2745116681278203,0.3829693199776264
LSTM,8,6,0.8770599049815513,0.4877566058316858,0.4615022251737259,0.4729088906982198
GCRN,13,10,0.8880809310962838,0.5810932717331443,0.2250869023699068,0.3244641418743487
GCLSTM,13,10,0.888031854203105,0.5803868358736868,0.2252994027134659,0.3245758615484153
LSTM,13,10,0.8612699876919091,0.422707793864905,0.4363889117928288,0.4289138086962266
GCRN,14,8,0.8912974671244414,0.6014166786853985,0.2495634613810229,0.3527396523820069
GCLSTM,14,8,0.8911810584958217,0.5983547576633529,0.2530226592560923,0.3556424671219544
LSTM,14,8,0.8709492993025416,0.4582128363598707,0.4622524628637443,0.4596104558259159
GCRN,7,3,0.905772007984576,0.7127927974336595,0.3555733848589651,0.4744487353994042
GCLSTM,7,3,0.9058629276589464,0.711008728337382,0.3589910724246877,0.4770672974662494
LSTM,7,3,0.9057051101854456,0.6310999106790145,0.5114942828861634,0.5647913502168043
GCRN,4,6,0.8889976120098018,0.6022118280219025,0.2185149044815286,0.3206307605838313
GCLSTM,4,6,0.8885904894953986,0.5950859583446448,0.2213072743722496,0.3226278625428685
LSTM,4,6,0.8918370487734929,0.6099811506791989,0.271331905964161,0.3755478402268303
GCRN,3,6,0.8867814378483668,0.5952392421824546,0.1738980915253113,0.2691538488005097
GCLSTM,3,6,0.8863827201508325,0.5851371303807256,0.1798800157263241,0.2751438917771183
LSTM,3,6,0.8885117795212093,0.6027536840790652,0.2068878457304451,0.3077145794260726
GCRN,13,2,0.91602077797603,0.7618073503421956,0.4279108911603283,0.5479999545765218
GCLSTM,13,2,0.9162745123208778,0.7610590211670958,0.4318484257774005,0.5510123034719562
LSTM,13,2,0.926281486806242,0.7863207105421502,0.5222901576020889,0.6276681620474824
GCRN,7,5,0.8971945795840126,0.6549457888706114,0.2925763039592854,0.404439997515808
GCLSTM,7,5,0.8970032989743656,0.65079616046955,0.2952420296465877,0.4061856799060092
LSTM,7,5,0.8873114856509592,0.5322362247050643,0.4615873862863733,0.4941130565945525
GCRN,11,6,0.8947627440191661,0.628514012063113,0.2813114912127438,0.388645637260429
GCLSTM,11,6,0.8946808693558926,0.6266368826809671,0.2828608438416908,0.3897726766858939
LSTM,11,6,0.8762447986519482,0.4938208126734348,0.4687511070677616,0.4740991628946697
GCRN,9,7,0.8928569463481256,0.6225011132898641,0.2544304868161272,0.3612155442188192
GCLSTM,9,7,0.8926701399635476,0.6187781361411977,0.2567538852246963,0.362911277821656
LSTM,9,7,0.865179437296429,0.4409242415107209,0.4629522962694003,0.4501368724356184
GCRN,5,6,0.8922626571220335,0.6212324456372543,0.2505306734763591,0.3570589128338262
GCLSTM,5,6,0.8917446339964087,0.61158518341958,0.2561171375403409,0.3610268660075478
LSTM,5,6,0.891878447128694,0.6043089493585413,0.3283140516794507,0.4194181810216054
GCRN,13,8,0.891203968819503,0.6005636535754572,0.2489216158933168,0.3519588186775415
GCLSTM,13,8,0.891100105806396,0.5990967196841097,0.2494126422457315,0.3521839493883538
LSTM,13,8,0.8659398846926216,0.4402893553801548,0.4630607733801497,0.4506930805868931
GCRN,12,2,0.9160562066501504,0.7628671154095279,0.4272124355313226,0.5477010830053233
GCLSTM,12,2,0.916404417459319,0.7593843934160329,0.4352651757648125,0.5533484864210735
LSTM,12,2,0.9251251770364,0.7630471592762251,0.5410909143222966,0.632055923671173
GCRN,3,10,0.8829802874514888,0.5729908614302457,0.1256447485319675,0.2060806754405045
GCLSTM,3,10,0.8825349473062655,0.5596919123695208,0.1328391163842688,0.2146943986267971
LSTM,3,10,0.8838649945017094,0.5853817635426855,0.1374017506663221,0.2222240656601897
GCRN,3,4,0.8904169754585027,0.6442375257526745,0.1872180183388231,0.2901179447075143
GCLSTM,3,4,0.890266583186391,0.6349095491455018,0.1943772812249621,0.2976121040899945
LSTM,3,4,0.8923996320053155,0.6368123747234188,0.2344684412000356,0.3424868454314536
GCRN,2,8,0.8834935430562301,0.5943211120499923,0.1091254320077009,0.1843644621684728
GCLSTM,2,8,0.8832934033545442,0.5866943479950258,0.1116132316778883,0.1875150863823876
LSTM,2,8,0.883868416345097,0.5990441831680877,0.1140322101059582,0.1915854688586554
GCRN,7,2,0.9153885666095934,0.7708463559224723,0.4174255467493845,0.5415758414638863
GCLSTM,7,2,0.9156833030930294,0.7672275135641622,0.4246353818352566,0.5466850144371231
LSTM,7,2,0.922214186535824,0.7431319179602429,0.537439348880889,0.6231850016392773
GCRN,6,2,0.9149270399427564,0.7757238672265009,0.4072155266864923,0.5340681227854802
GCLSTM,6,2,0.9151560144131252,0.7750753238484138,0.4105237695470909,0.5367508601807056
LSTM,6,2,0.9195790208956242,0.7181211945576351,0.5407312283897039,0.6168639637220273
GCRN,2,6,0.8858536142132267,0.6161254113091126,0.127159172189038,0.2107874448735968
GCLSTM,2,6,0.8856823092802241,0.6078968424983204,0.130958358399136,0.2154750480340958
LSTM,2,6,0.8865415314371387,0.6320774025937741,0.1287415151271132,0.2138377406766638
GCRN,6,5,0.8969853279077828,0.6591292825989002,0.2830227814546737,0.3959939686265724
GCLSTM,6,5,0.8967951084468291,0.6558835137686285,0.2841218338769784,0.3964831707744588
LSTM,6,5,0.8971372090933597,0.6201907674400127,0.387621818098361,0.4728994232028317
GCRN,13,11,0.8868688020321109,0.5761215578156376,0.2130408240529561,0.3110401002836279
GCLSTM,13,11,0.8867327573853453,0.5733694628825637,0.2155115157025161,0.3132618888321346
LSTM,13,11,0.8534994356337882,0.3975582868755103,0.4213718757737286,0.4082199986264932
GCRN,1,7,0.8842728758468198,0.6746552305047643,0.0728377709711399,0.13147736544123
GCLSTM,1,7,0.8842444244059331,0.6703299391399705,0.0737500898051203,0.1328752823130449
LSTM,1,7,0.8837358518578012,0.615011091481086,0.0916935070139063,0.1591640177664544
GCRN,14,4,0.900915179339042,0.6678643062952305,0.3260192033546019,0.4381478123856249
GCLSTM,14,4,0.9010569053268682,0.664511879996094,0.3334045509121049,0.4440205982150217
LSTM,14,4,0.8961608033288628,0.5790066770952473,0.4978155912086796,0.5316374498064053
GCRN,5,9,0.8872817050263363,0.5955658596878394,0.2001722429873343,0.2996316279035328
GCLSTM,5,9,0.8868094177897394,0.5882038728843179,0.2012090163125634,0.2998330332862299
LSTM,5,9,0.8879675722087441,0.5864360066861471,0.2630710877278844,0.3606274945294516
GCRN,3,3,0.8940182123295257,0.6611128218965293,0.2339376042954906,0.3455845867641122
GCLSTM,3,3,0.8939634106519696,0.6554953075926073,0.2394266032724156,0.3507164782117115
LSTM,3,3,0.8961346928692511,0.6567590906148351,0.2759121627235157,0.3885771232107525
GCRN,6,1,0.9266877922874448,0.8233693920704791,0.4940199382795057,0.6175194330040465
GCLSTM,6,1,0.9268792858177234,0.8217608881521687,0.4975567785883926,0.6198212544732365
LSTM,6,1,0.934143603110918,0.7881907313436629,0.6160530170513532,0.6914579641003847
GCRN,9,1,0.9276096530457524,0.8219062633466745,0.505202155950908,0.6257605158759005
GCLSTM,9,1,0.9278813898614058,0.8162186700715346,0.5136524595759204,0.6305153346954622
LSTM,9,1,0.9390074365592496,0.8322745623209957,0.61672852937412,0.7077222315072664
GCRN,3,2,0.899530320567448,0.704640948814325,0.2810673578056807,0.401841973797345
GCLSTM,3,2,0.8995800104297833,0.7019814697875175,0.2844246550189969,0.4048154755346707
LSTM,3,2,0.9011159868228592,0.6708572178372159,0.3550069914266747,0.4619803894270975
GCRN,4,1,0.9096080351729606,0.738931221136587,0.3851548686592608,0.5063677340828517
GCLSTM,4,1,0.9097069061277095,0.735853782829528,0.3898463640910403,0.5096644130637176
LSTM,4,1,0.9141433798433836,0.7163580725785568,0.4842961700209215,0.5748952838096282
GCRN,12,1,0.9282283523527122,0.8176681066170517,0.509817474889297,0.6280448778286513
GCLSTM,12,1,0.9285083586853736,0.8143490544069378,0.5161824531086869,0.631839391722804
LSTM,12,1,0.9407232070651964,0.8510544902076372,0.6084026352737878,0.7092251624477172
GCRN,11,5,0.8976322431995598,0.649159018556803,0.3004825574240439,0.4107808118942805
GCLSTM,11,5,0.897361394821005,0.6435493862586485,0.3043661818892564,0.4132610147356788
LSTM,11,5,0.8875019429829086,0.5405317662055624,0.4649757128689218,0.49533542880093
GCRN,6,6,0.8944244338044319,0.6399945096738406,0.2648950477641961,0.3746921568523133
GCLSTM,6,6,0.8942270088015437,0.6355471271524259,0.2678177531359064,0.3768294262100748
LSTM,6,6,0.8932592526033087,0.5992571441868504,0.3677831154343209,0.4506260459730686
GCRN,11,7,0.8927603130388645,0.6168312934506769,0.2622075379445083,0.3679826341449445
GCLSTM,11,7,0.8926201775458973,0.6153124304453481,0.2618675485485465,0.3673756305971126
LSTM,11,7,0.8748767151552667,0.4884227459321993,0.4443748053003687,0.4576895794696715
GCRN,5,14,0.882750966578729,0.5677583703753495,0.1529852708370445,0.2409925156983448
GCLSTM,5,14,0.8824038456814687,0.5611967530059936,0.1542694992225896,0.2419991260911693
LSTM,5,14,0.8807269605459019,0.5380898483248009,0.2014287595902056,0.2904342383599627
GCRN,6,14,0.8836381802282451,0.5746427114209387,0.1684713049542814,0.2605495116960529
GCLSTM,6,14,0.883229981872043,0.5672562664620752,0.1704728400936828,0.2621504573475792
LSTM,6,14,0.8686785751131154,0.4793719092864353,0.2775509833319792,0.3369381224825201
GCRN,13,6,0.8947219929617021,0.6272558311045069,0.2826608185372848,0.3896927386789707
GCLSTM,13,6,0.89463602026663,0.6232390706736457,0.2881369329854982,0.3940788366029673
LSTM,13,6,0.8855536068411339,0.5416920382501528,0.4434160948071744,0.4792467105154552
GCRN,1,5,0.886390227696711,0.6709420140537729,0.0991949813766473,0.1728326082224858
GCLSTM,1,5,0.8863743494075456,0.6697345219696883,0.0994455708313874,0.1731754014800252
LSTM,1,5,0.8861382535585596,0.6311023155007659,0.1166491064207852,0.1968868612636696
GCRN,5,5,0.8940274121966386,0.6351209140222552,0.2688038909708063,0.3777314840821297
GCLSTM,5,5,0.8935203972979651,0.6246137739225903,0.276046780495028,0.3828574828744213
LSTM,5,5,0.8804363462898127,0.5135303881056227,0.4052005854680897,0.4475306521318861
GCRN,5,1,0.9192999582598622,0.7848931509968997,0.4495797602286787,0.5716935861468302
GCLSTM,5,1,0.919535747446611,0.7817800286891268,0.4554830268640585,0.5755926041546331
LSTM,5,1,0.9252314873970338,0.7302276707004877,0.5963067252584724,0.6564839200494876
GCRN,4,7,0.887751715656161,0.592859931212881,0.1977237270801896,0.2965443607602844
GCLSTM,4,7,0.8873700444325452,0.58397169420083,0.2043616985409581,0.302755159646212
LSTM,4,7,0.888921350910748,0.5842693925968602,0.2562077987889165,0.3555129148419604
GCRN,3,8,0.8846456704705424,0.5746729592357449,0.1503600757491367,0.2383051560021649
GCLSTM,3,8,0.8843326316059716,0.5664247763071952,0.1553124651888158,0.2437501747604142
LSTM,3,8,0.8852670842800234,0.5741019898751627,0.1761985518547399,0.2690649111333443
GCRN,2,1,0.9054530808138624,0.7257873038944176,0.3448671799604111,0.4675502411737026
GCLSTM,2,1,0.9054829286492584,0.7246153280926402,0.3464930015004332,0.4688082968637405
LSTM,2,1,0.9067925024272564,0.6639451318042904,0.4570009650673786,0.5413643168420517
GCRN,10,14,0.8838571027555935,0.5629423855199572,0.1820831360830657,0.2751470678785564
GCLSTM,10,14,0.8836635911862963,0.5593313857624508,0.1843070489814242,0.2772504515973404
LSTM,10,14,0.8531870058640804,0.4094923626004649,0.3496727726346912,0.3648776074050222
GCRN,14,13,0.8849751987007604,0.5587494471877911,0.1992199059105332,0.2937049344350501
GCLSTM,14,13,0.8848846711216221,0.55714894627765,0.2006976921336157,0.2950652809400942
LSTM,14,13,0.8371906279057505,0.3796926793764857,0.4067357204694353,0.3741363081046359
GCRN,1,13,0.8805228856266686,0.6675494134363111,0.0401617639199083,0.0757650166898274
GCLSTM,1,13,0.8804822565340131,0.6545832417848334,0.0419813110953831,0.0789019111619487
LSTM,1,13,0.8805080084799737,0.6617637985366076,0.0410122607808872,0.0772339952912074
GCRN,2,2,0.8979151456565887,0.6942761352022341,0.2676685357551446,0.3863730070473514
GCLSTM,2,2,0.8979359204283843,0.6912062316043792,0.2710795045267722,0.3894257808897174
LSTM,2,2,0.8975718107545483,0.6256495945306578,0.3658698323470007,0.4617173138804473
GCRN,9,12,0.8860371258088431,0.579342829996577,0.1929924996979061,0.2895248877801508
GCLSTM,9,12,0.885836712660059,0.5759469639817294,0.194108871030457,0.2903543972464442
LSTM,9,12,0.8653003102214736,0.443529904538707,0.3311233224818833,0.3715293095804941
GCRN,4,12,0.8829244042092231,0.5640392291318451,0.143673942026034,0.2289846956533587
GCLSTM,4,12,0.8828528319405755,0.5636224496077098,0.1417475544231138,0.2265209075913951
LSTM,4,12,0.8803084127147883,0.5288913457700462,0.1950269125938625,0.2823321067396912
GCRN,12,7,0.8925945331191384,0.6145909773298965,0.2626508857672764,0.3680113698489919
GCLSTM,12,7,0.8924584260610258,0.6105540487457043,0.2673581297282354,0.3718535479782052
LSTM,12,7,0.8763642638526574,0.494491249865349,0.4496788874424669,0.4635972610799261
GCRN,10,3,0.90636344057496,0.7107467657922187,0.3602943642470091,0.4781755499564559
GCLSTM,10,3,0.9064680150671706,0.7083369387732785,0.3647294713996196,0.4815069373556426
LSTM,10,3,0.905794470901848,0.6237662294470873,0.529957215613187,0.5726877410902572
GCRN,11,10,0.8883048606162683,0.5864631030020531,0.2194082682740892,0.319315641866998
GCLSTM,11,10,0.8881753881367278,0.5846747295162057,0.2196405865530245,0.3192956620365043
LSTM,11,10,0.8612407937639006,0.4368443438411454,0.4091310052322242,0.4130012263675325
GCRN,2,12,0.8810558714754958,0.5875693915487843,0.0738416558822132,0.1311818168888699
GCLSTM,2,12,0.8809437947761246,0.5793964393427614,0.076851881713652,0.1357031718756904
LSTM,2,12,0.8815012971972267,0.6052610874230374,0.073787357356424,0.1315331701285403
GCRN,7,8,0.8907739325400392,0.6182321436076094,0.2354293862092012,0.3409989936240701
GCLSTM,7,8,0.8903363798570016,0.6116932769288702,0.2366315695666703,0.3412376209978479
LSTM,7,8,0.8625245497605997,0.4421927154261528,0.4434666369611229,0.435886969109589
GCRN,2,7,0.8846009314256996,0.6000343459335749,0.1212750606880235,0.2017681272837988
GCLSTM,2,7,0.8844683608538354,0.5956972951531215,0.1224474349127903,0.2031305398103781
LSTM,2,7,0.8850355156245626,0.6121335373991432,0.120262767252449,0.2010208758944391
GCRN,2,14,0.8804153954989611,0.5722013433673923,0.0685538149122492,0.1224262615954016
GCLSTM,2,14,0.8802110752482154,0.5628143907907698,0.0700134589637859,0.1245183122256893
LSTM,2,14,0.8809943847548304,0.6157314436051651,0.0586254698904257,0.1070545412354022
GCRN,6,8,0.89054135698668,0.6208941825149695,0.2262680182689094,0.3316635201912459
GCLSTM,6,8,0.8900530146464194,0.6099583683538464,0.2331228695555308,0.3373133494836339
LSTM,6,8,0.8855815351569687,0.5551117030724051,0.3491628829230255,0.4214475719854952
GCRN,7,12,0.885642516936621,0.5854425448359348,0.1886113433090295,0.2852991822198442
GCLSTM,7,12,0.8852614143081491,0.5786451290017809,0.1910092045096651,0.2871956489146156
LSTM,7,12,0.8834608738264726,0.562552690137383,0.2735410011532277,0.3612914948429784
GCRN,2,10,0.8824436200574219,0.5923962846869156,0.0883348140492211,0.153736216190052
GCLSTM,2,10,0.8822364051020714,0.5818982802991408,0.0917664881548628,0.158530319818572
LSTM,2,10,0.8826939484572695,0.5987793130530921,0.0900393245103903,0.1564940193052734
GCRN,2,11,0.881702443481579,0.5901837473883575,0.0806633264720579,0.1419171537263596
GCLSTM,2,11,0.8815281007966785,0.5808423642274152,0.0833292815673727,0.1457459416670605
LSTM,2,11,0.8821346982008318,0.6120005453517958,0.077128091182053,0.1369731100403407
GCRN,14,5,0.8973715052099452,0.6444003781752781,0.3031395912812457,0.4123077610411823
GCLSTM,14,5,0.8972907596547337,0.6390924892321792,0.3105570476114637,0.4179875573036174
LSTM,14,5,0.881644313765948,0.5023425190590574,0.4989206523863644,0.5003493572711084
GCRN,14,1,0.9281491085067326,0.8156151557781335,0.510989667710696,0.6283232355913002
GCLSTM,14,1,0.928469849256982,0.8128470555850473,0.5172768837527452,0.6322136487106358
LSTM,14,1,0.941325323372228,0.8581072968589061,0.6066371458400835,0.7107852222983488
GCRN,6,7,0.8923730182161821,0.6297716621295775,0.2439984756736102,0.3517235936632305
GCLSTM,6,7,0.892018315817656,0.6217150310598328,0.2493160453742517,0.3558900808610613
LSTM,6,7,0.8796736356506841,0.5100903336592814,0.395800746429531,0.4404492816151205
GCRN,1,9,0.8825200253280293,0.6710516216136571,0.0586342487477109,0.107842442104114
GCLSTM,1,9,0.8824576138838489,0.6667333012339354,0.058727413269848,0.1079452673221697
LSTM,1,9,0.8823554120679162,0.6420603885392551,0.0646377330383123,0.1174286082937548
GCRN,1,8,0.8833812280118917,0.6735653867718654,0.06532406422963,0.119096718617935
GCLSTM,1,8,0.8833478359016297,0.6711231422187486,0.0654703534853106,0.1193019955837604
LSTM,1,8,0.8830129564795175,0.6257558617062944,0.0767235088951455,0.1366115310123923
GCRN,1,3,0.8902773785347143,0.6635201889833731,0.1706259024717107,0.2714469018082385
GCLSTM,1,3,0.8902610978972257,0.6687109363679151,0.1664134240602497,0.2664993225836933
LSTM,1,3,0.8884714149032844,0.586685193345465,0.2336191357034324,0.3341626307303517
GCRN,10,2,0.915990483892362,0.7657283413124929,0.4234043777558786,0.5452850373238212
GCLSTM,10,2,0.9162395971058024,0.766388032371301,0.4257479085893498,0.5473834930934334
LSTM,10,2,0.9222178863458405,0.7189686958647336,0.5688047129570354,0.6350271113176565
GCRN,6,11,0.8866864716493315,0.5940514316789023,0.1913607364873008,0.2894691656040979
GCLSTM,6,11,0.8864310233251738,0.5901292680161315,0.1914563740907624,0.2891093702450075
LSTM,6,11,0.8857850088630034,0.5647317138140583,0.2526658657989303,0.3479607625669295
GCRN,3,11,0.8821087296206354,0.5681944849898096,0.1167698851372458,0.1936950894960205
GCLSTM,3,11,0.8819504442004218,0.5637019758852279,0.118051098434821,0.1952086029174237
LSTM,3,11,0.8834897321805399,0.5950227124153418,0.1233839066421807,0.2043636657121418
GCRN,7,14,0.8840731082094042,0.5686742565394237,0.1759083406670515,0.2686933736192043
GCLSTM,7,14,0.8837359097036496,0.5631035751241453,0.1770965813747167,0.2694474596674071
LSTM,7,14,0.875612816455208,0.5092346978161159,0.2911742119459009,0.3594885385536256
GCRN,14,11,0.8867182782021157,0.5733057249663969,0.2152141418931576,0.3129350184894154
GCLSTM,14,11,0.8866843102267083,0.5727676516229738,0.215488459407165,0.3131464402163542
LSTM,14,11,0.8601752499406189,0.4328458865795523,0.4096875740978242,0.4123256730231962
GCRN,14,6,0.8946988663067277,0.6241874643543295,0.2877094090216232,0.3938643505437788
GCLSTM,14,6,0.8945558077421278,0.6217616411633329,0.2892539417637171,0.3948180552495864
LSTM,14,6,0.8885900764583836,0.5536877846015794,0.4420925538772977,0.4849815824392288
GCRN,11,12,0.8857486558269094,0.5719699541695349,0.2005407778826631,0.2969512796841952
GCLSTM,11,12,0.8855497541980666,0.5690923839625073,0.2010823932531977,0.2971473840717993
LSTM,11,12,0.859254043315843,0.4332796791004689,0.3683073054067021,0.3860848622839806
GCRN,3,9,0.8838090864184853,0.5755340804600231,0.1350299767527223,0.2187155030989535
GCLSTM,3,9,0.8834637947190738,0.5654273044213793,0.140722362775938,0.2253368326959781
LSTM,3,9,0.8840754765779476,0.5671869578627573,0.1637550865753879,0.2536172310335513
GCRN,10,1,0.9281420912331146,0.8195720096935437,0.5070295568275912,0.6264820759740987
GCLSTM,10,1,0.928363734387636,0.8149808598763162,0.513960470893185,0.6303736211360568
LSTM,10,1,0.939897736073493,0.8366922250072768,0.6159916477661375,0.7088619739298896
GCRN,11,3,0.9063917949244574,0.7077672774605459,0.3643667862840825,0.4810521170415374
GCLSTM,11,3,0.9064247133543566,0.7035279436054505,0.3702167007632198,0.4851129044355108
LSTM,11,3,0.9043463452413044,0.6114200802625457,0.5403303932043253,0.5736153070529253
GCRN,10,7,0.8928127072556041,0.6199020834956422,0.2578900027025856,0.3642433920535859
GCLSTM,10,7,0.8925888343576368,0.6156061191727035,0.2607134826013315,0.3662610821340692
LSTM,10,7,0.877899097532338,0.4975893553688689,0.4320054216755618,0.4571553815621557
GCRN,4,4,0.8928616271839036,0.6353475767440812,0.2447951571263242,0.3533964244259649
GCLSTM,4,4,0.8928339423986099,0.63201457352145,0.2491120804771655,0.3573404203554814
LSTM,4,4,0.8851677697988807,0.5378543696630681,0.3486231638921036,0.4204547944989166
GCRN,8,1,0.927385619244759,0.8230795318212356,0.5017079795781958,0.6234067420620629
GCLSTM,8,1,0.9278115390185104,0.8177867137518537,0.5113557176785131,0.6292432591046369
LSTM,8,1,0.938341468401012,0.8234766545274634,0.6194248901403643,0.7063847854710008
GCRN,12,13,0.8845476220137101,0.5624177207766473,0.1967036741055801,0.2914458602480462
GCLSTM,12,13,0.8844855134932222,0.5613978260564869,0.1972012161159581,0.2918509693047267
LSTM,12,13,0.8351925161491789,0.3543527159500441,0.4217039492947451,0.3824635793799732
GCRN,9,14,0.8839348133889817,0.5642977380227227,0.1815558217832579,0.27470035433252
GCLSTM,9,14,0.883671907630708,0.5602912609140375,0.1820558225476292,0.2748052308658303
LSTM,9,14,0.8807562782060417,0.5261725682974203,0.2728052478677861,0.3564290354163589
GCRN,4,11,0.8833828549023085,0.5756525306202211,0.1464418973554048,0.2334775786673803
GCLSTM,4,11,0.8831919103749456,0.5700142807432911,0.1503490398597554,0.2379198783838307
LSTM,4,11,0.8840593916521673,0.5705547665197054,0.1858985715761027,0.2793608802205026
GCRN,2,4,0.8891893468946188,0.6559454605454363,0.154743701593519,0.2503977685910484
GCLSTM,2,4,0.8891602139820943,0.647788253939461,0.1607161043354402,0.2575268135904855
LSTM,2,4,0.8900455734157914,0.6487469681347965,0.1760619602955577,0.2769426055240311
GCRN,3,13,0.8813970562949207,0.5630332715701037,0.1012533051987261,0.171636405438391
GCLSTM,3,13,0.8810943927285617,0.5532465565969007,0.1050090790784462,0.1764885424383748
LSTM,3,13,0.8823621064103886,0.5816550136775017,0.1110192546218286,0.1860889666825456
GCRN,4,10,0.8842902412829629,0.57778393656792,0.1592360213931,0.2496225520124224
GCLSTM,4,10,0.8839635957536938,0.5709685369133896,0.1614636788061772,0.2517125556277935
LSTM,4,10,0.8852382236028566,0.5755233966021125,0.1993426329370206,0.2953330687882494
GCRN,7,6,0.894642340118124,0.637939403657297,0.2722286852722881,0.3815968822835301
GCLSTM,7,6,0.8943027154852116,0.6323810008156038,0.274357112314539,0.3826812979000099
LSTM,7,6,0.8811652953031335,0.5174661388724332,0.4385054190086929,0.4676799002470357
GCRN,13,4,0.9011662196086524,0.6701855694841787,0.3268484226334059,0.4394003491447078
GCLSTM,13,4,0.9010953351215653,0.6660706535886798,0.3316949662834943,0.44285041700985
LSTM,13,4,0.8894250576017058,0.53468326413959,0.5188957526996781,0.5265414936516135
GCRN,8,11,0.8867364921264643,0.5898648886470109,0.2002358542524392,0.2989746639194954
GCLSTM,8,11,0.8863576026435822,0.5847408138898526,0.1997158085848356,0.2977230972182151
LSTM,8,11,0.8662834472862327,0.4686089846593841,0.3452635412090511,0.3836391150487713
GCRN,5,13,0.883564679242488,0.5728136715494492,0.1595420787492888,0.2495520446553555
GCLSTM,5,13,0.883092199763509,0.563123866299082,0.1634810690860103,0.2533848967631151
LSTM,5,13,0.8831510447666435,0.5573808667340485,0.2172638731152465,0.3101119877860289
GCRN,9,4,0.9005550920161397,0.6752251353070281,0.3199481828098983,0.4341343780346426
GCLSTM,9,4,0.9007306522213522,0.6749865737089203,0.3230557788367686,0.4369486742088243
LSTM,9,4,0.8947733720139148,0.5685633689634486,0.4887477033932365,0.5255673784506069
GCRN,2,9,0.883192155867149,0.5914744819809215,0.0979593705473964,0.1680683358115698
GCLSTM,2,9,0.8830533888059271,0.5857896120093686,0.0994508274688885,0.170033627821238
LSTM,2,9,0.8836268845254379,0.6027252933877535,0.0994555637563495,0.1707269310636339
GCRN,14,7,0.8931050136191031,0.612192198377739,0.2669832482520323,0.3717980035549983
GCLSTM,14,7,0.892823093556915,0.6076020242191998,0.2696950194635191,0.3735216235937558
LSTM,14,7,0.8744438994746696,0.4709084194460698,0.4748961216673019,0.4726879463211119
GCRN,12,8,0.8908405335465457,0.6036551437509182,0.2484950320660013,0.3520552681244898
GCLSTM,12,8,0.8906588947350322,0.6009787992578909,0.2495224768172084,0.3526083471989144
LSTM,12,8,0.8719379320127928,0.4774236837240175,0.4378744410286334,0.4487410189634774
GCRN,5,10,0.885998399719309,0.5884614514896123,0.1895656606057602,0.2867239574480797
GCLSTM,5,10,0.8856855662383563,0.5846498220891722,0.1877886599580208,0.2842542621681319
LSTM,5,10,0.88652727965119,0.5832471490847384,0.2451155135370468,0.3423365634304061
GCRN,3,14,0.8806462076216022,0.5533859318944241,0.0999512005325046,0.1692678664492425
GCLSTM,3,14,0.880469275815144,0.5479689061077619,0.1014633279823817,0.1711924513880678
LSTM,3,14,0.8813818759733337,0.5758930986304699,0.1023568578391272,0.1730359650276533
GCRN,2,3,0.8919470483571678,0.6596563484716037,0.2025500429411376,0.3099235533924921
GCLSTM,2,3,0.891869263089166,0.6562439484102685,0.2045564793929727,0.3118777746826333
LSTM,2,3,0.8923581344537578,0.6282075243107543,0.2540713861021716,0.3604163850295524
GCRN,11,9,0.8892474332374259,0.5965489138142085,0.2318292932000663,0.333878722468416
GCLSTM,11,9,0.8890817925115873,0.5946446450502301,0.2313732623597442,0.3331064579302963
LSTM,11,9,0.890374229589127,0.5835300551320135,0.3352761715109971,0.4220969259066135
GCRN,4,5,0.8905736798616612,0.6134505617616623,0.2311687719977674,0.3357943457188575
GCLSTM,4,5,0.8901938616442207,0.6045240159502754,0.2381485425945121,0.3416756120724871
LSTM,4,5,0.8868001669605514,0.5508537913479561,0.3224445570831388,0.4049006895440026
GCRN,3,12,0.8815051766655684,0.5680475115725487,0.1074534988246069,0.1806810695765136
GCLSTM,3,12,0.8812812229453437,0.5594165264304334,0.1122180478683137,0.186935283556255
LSTM,3,12,0.8824821893893688,0.5860173465900378,0.1166061427699402,0.1941927969674106
GCRN,12,12,0.8857323026206876,0.5707796195621477,0.2029481965895101,0.2994233112187139
GCLSTM,12,12,0.8855175084393198,0.5678403248827337,0.2032140391681113,0.2992971030428467
LSTM,12,12,0.8676622256771249,0.464458234030802,0.3503106481797201,0.3893881194758352
GCRN,12,4,0.901049511675092,0.6694836767615546,0.3259256169268103,0.4384106165129863
GCLSTM,12,4,0.9010272877334158,0.664832529107377,0.3324523634200398,0.4432415869561205
LSTM,12,4,0.8928609993466076,0.5618864738033327,0.4998948059532576,0.525059726260876
GCRN,5,8,0.888648639975354,0.6019909737090146,0.2135238052801604,0.3152286291477313
GCLSTM,5,8,0.8881362506364752,0.5918494960242392,0.2194261780104712,0.3201300038145823
LSTM,5,8,0.8845406467016674,0.5463785065583224,0.3075548624262002,0.3895766270038406
GCRN,13,7,0.8927076240585989,0.6149929012934068,0.2644403687894686,0.3698364228769176
GCLSTM,13,7,0.8925060549340958,0.6105110998610881,0.2685326197957175,0.3729785066495095
LSTM,13,7,0.871962928573885,0.4642915971305427,0.4839852203638794,0.4737505668082674
GCRN,13,1,0.9281918967605012,0.8177373342397974,0.5093595420671779,0.6277143900478404
GCLSTM,13,1,0.9284111437728116,0.8114140408111187,0.5181034668970732,0.6323920105940224
LSTM,13,1,0.940574475095097,0.8390710966895742,0.620429852035857,0.7126729292488015
GCRN,10,4,0.9005631362078482,0.6729286987943567,0.3231950106218063,0.4366429595075191
GCLSTM,10,4,0.9005892370426472,0.6716772717898096,0.3253423379456852,0.4383385972294545
LSTM,10,4,0.8920352232905022,0.5518877311146091,0.5072615835103634,0.5284188853367742
GCRN,7,9,0.8895653602638024,0.6067541195294479,0.2207120655101546,0.323680445275847
GCLSTM,7,9,0.8893187332592059,0.6047635654534144,0.2182351702217286,0.3207245234628351
LSTM,7,9,0.8802842448349516,0.5241663546658996,0.336473531701962,0.4020767371984806
GCRN,4,2,0.9040053495523585,0.7191628913928889,0.3253098365087722,0.4479662890468507
GCLSTM,4,2,0.9041499067235694,0.7153282587967806,0.3313407988161471,0.4528880916042035
LSTM,4,2,0.9016099767447804,0.6168128367569222,0.4959390429573557,0.5456371173048017
GCRN,7,4,0.9006524352934633,0.6814713142642436,0.3133239076764081,0.429235991600819
GCLSTM,7,4,0.900605111484795,0.6761850143000631,0.3193891026009071,0.4338429242138647
LSTM,7,4,0.900568014068778,0.6252972993787408,0.4397930183154389,0.5129840728086895
GCRN,9,8,0.8910263635269438,0.6119393677389823,0.2375205533974113,0.3422082045541282
GCLSTM,9,8,0.8908747291860106,0.6082605771549081,0.2405434561404456,0.3447482503858948
LSTM,9,8,0.8631928109632382,0.4309127260755213,0.4438667581551739,0.4366193504051403
GCRN,7,13,0.8844855790723942,0.5757659821766195,0.1828699697218728,0.2775662675967367
GCLSTM,7,13,0.884155033899695,0.5704628104022091,0.1838056706637863,0.2780179380022313
LSTM,7,13,0.8703850121816694,0.5037172198993846,0.3056766583759676,0.3607525131019476
GCRN,14,10,0.888233948737881,0.5824977037445584,0.2263002807781939,0.3259495301653408
GCLSTM,14,10,0.8879829155060353,0.5788186891955115,0.2276939011388803,0.3268007059974615
LSTM,14,10,0.8567153894323164,0.4073895827509265,0.4384886003474648,0.4223011351541875
GCRN,12,14,0.8840976703075472,0.555522921791274,0.189316337829883,0.2823853865478171
GCLSTM,12,14,0.884033517918661,0.5549739698825804,0.1883412506637796,0.2812270498781789
LSTM,12,14,0.8430199349674528,0.3688822149925033,0.3996513355864107,0.3806628298194491
GCRN,10,12,0.8858571397724084,0.5742338951670254,0.1987034491339777,0.2952287421660846
GCLSTM,10,12,0.8856725040127256,0.5722152163135156,0.1973903877927768,0.2935221579163375
LSTM,10,12,0.8704476402294631,0.4754851844654411,0.3443037066016776,0.3892760169109441
GCRN,8,13,0.8850118944992301,0.5747215163876624,0.1826111268886232,0.2771455431279253
GCLSTM,8,13,0.8846471232121293,0.5684965618860046,0.184593809784846,0.278668244926768
LSTM,8,13,0.8491562097723916,0.3696549061145554,0.3511860653012881,0.3596873341176886
GCRN,1,1,0.9001181194167801,0.6942072535437943,0.3042709514719038,0.4230949686022976
GCLSTM,1,1,0.9000831838821689,0.6972866301859473,0.3003430567980896,0.419839367295109
LSTM,1,1,0.8997438343445134,0.6583532892870598,0.3474707485964257,0.4548526962830509
GCRN,1,10,0.8823757921175479,0.6722141183755272,0.0526737481461555,0.0976888183264831
GCLSTM,1,10,0.8823225806451613,0.6658531100046203,0.0532876494136719,0.0986749411870343
LSTM,1,10,0.8821696040802879,0.6309332463417406,0.0612825241309495,0.1116675278983375
GCRN,5,2,0.9100751322480898,0.7430403265811428,0.3806136968368929,0.5033532841849128
GCLSTM,5,2,0.9103164583918972,0.7391695930946257,0.3878669303774954,0.5087462680393557
LSTM,5,2,0.905664988542758,0.6256444991977211,0.5307111654975171,0.5741021955861532
GCRN,6,9,0.8888804643571468,0.6120592912708462,0.2117294158973488,0.3146066746443122
GCLSTM,6,9,0.888509575773481,0.6023209467942523,0.2191398112589446,0.3213419001000348
LSTM,6,9,0.8930294796805714,0.6298923328739143,0.2726439140679578,0.3802341132441225
GCRN,14,12,0.8861922179123388,0.5675556277507807,0.2040593357285747,0.3001694168213838
GCLSTM,14,12,0.8859156188443148,0.5629607166730276,0.2069877934578834,0.3026516806230127
LSTM,14,12,0.8570256163278056,0.4204634187776913,0.3974440682105757,0.3994016784262119
GCRN,5,3,0.9016269567464272,0.6887051007809957,0.3241690186313583,0.4408277253736748
GCLSTM,5,3,0.9015461455680208,0.6834618929691885,0.329751067582291,0.4448209398026574
LSTM,5,3,0.8992804227395726,0.6115006064653954,0.4530973535353055,0.5181949389767468
GCRN,12,11,0.8869833320573749,0.5785142015847525,0.2109248849477762,0.3091229111527749
GCLSTM,12,11,0.8868242651951922,0.5755909412761536,0.2129113943949621,0.3108294652468105
LSTM,12,11,0.8600057555538543,0.4315824804538061,0.3938860206799249,0.4024629660422835
GCRN,9,11,0.8866635247554469,0.5875366040230645,0.2028207909411232,0.3015230849007593
GCLSTM,9,11,0.8863915696738351,0.5834128063841575,0.2034345303584595,0.3016605751806975
LSTM,9,11,0.8807863531633263,0.5286210442724337,0.3164510932881322,0.3905909128648436
GCRN,5,4,0.8967518506214169,0.6549651695910729,0.2890729101753761,0.4011085706923401
GCLSTM,5,4,0.8962082492141781,0.6444898044846993,0.2949488115374343,0.404687103060983
LSTM,5,4,0.8842971897813328,0.5208409601355097,0.4347376480014244,0.4734377679613673
GCRN,11,1,0.9281237778605018,0.819961763545239,0.5064621809410663,0.6261581231338031
GCLSTM,11,1,0.9284647146665296,0.813877993573015,0.5161651726248335,0.6316974747625219
LSTM,11,1,0.9397820366353028,0.8270615824383635,0.6255563955790763,0.7116478027887664
GCRN,10,9,0.8893681580063506,0.6001633364700723,0.2277767140249428,0.3302134012920953
GCLSTM,10,9,0.8891243203380828,0.5964916532056126,0.2287489309284009,0.3306651290769672
LSTM,10,9,0.8809042225966811,0.536764872959921,0.3591740703863976,0.4182924546771921
GCRN,8,12,0.885536512603597,0.5828658707161193,0.1905545438830385,0.2872026304169348
GCLSTM,8,12,0.8852362959524054,0.5773933673722672,0.192915227105351,0.2891846936052583
LSTM,8,12,0.8626154613294817,0.4576825525379304,0.3464603959809895,0.3790189690789725
GCRN,5,7,0.8902420164759228,0.6096736038451513,0.2301939225147707,0.3341570534453179
GCLSTM,5,7,0.8898155276127884,0.6012180621619168,0.2352436112640773,0.3381463445458047
LSTM,5,7,0.8812784641217437,0.5151876060844275,0.3369846331144582,0.403949007255319
GCRN,11,4,0.9006438348544558,0.6722916123564394,0.3253541798243096,0.4384896685286536
GCLSTM,11,4,0.9005852149467929,0.6708441035182879,0.3264343026927714,0.4391598066671342
LSTM,11,4,0.8998871673748123,0.6186942131835648,0.463173192857553,0.5241865286231355
GCRN,12,3,0.9061828741440566,0.7052132183841636,0.3645665745181367,0.4806261463978868
GCLSTM,12,3,0.9065367615282252,0.7052003081562284,0.3696709962102519,0.4850461702880048
LSTM,12,3,0.90543014318376,0.6276586790456772,0.5288888037140489,0.5708677023423664
GCRN,10,11,0.8871625158758668,0.5836076886248847,0.2050005960576355,0.3034130236797868
GCLSTM,10,11,0.8869290743805222,0.580195418863398,0.2054529448522235,0.3034368370953917
LSTM,10,11,0.8672487706631646,0.4699237563553559,0.3765534506497028,0.4035656057097124
GCRN,7,1,0.9275110100261514,0.8236605562734892,0.502494418135017,0.6241797254225208
GCLSTM,7,1,0.9276905778027652,0.8197350514503775,0.50816161099023,0.6273889678614117
LSTM,7,1,0.9369081631783838,0.8097678304964837,0.6191063327502595,0.7015239893274093
GCRN,1,14,0.8800105748112885,0.6670692145514114,0.038093329682125,0.0720705376825331
GCLSTM,1,14,0.8798947897965906,0.6543732188173046,0.0384394282527568,0.0726122658134121
LSTM,1,14,0.8799899508729722,0.6586127415766467,0.0392872348293293,0.074148535390707
GCRN,8,8,0.8910990319474535,0.6142412537295276,0.2352452270193656,0.3401935944669935
GCLSTM,8,8,0.890914813955088,0.6103438795338032,0.2378128483722069,0.3422407181800543
LSTM,8,8,0.8703318331098042,0.4700619498576411,0.4237443292433648,0.4377218545513971
GCRN,13,5,0.8974922108738264,0.6458396579021702,0.3030894968111829,0.4125522483268512
GCLSTM,13,5,0.8972231507273289,0.6386442276119336,0.310045099501227,0.4174228332205169
LSTM,13,5,0.8890952233570617,0.5586382691002129,0.4593943781263799,0.4959035014578264
GCRN,3,7,0.8852744931250462,0.5820182276465907,0.1635461031660985,0.2553053068143781
GCLSTM,3,7,0.8851291449599696,0.5786251538586218,0.1649868302688284,0.2567530818195326
LSTM,3,7,0.8867829549340371,0.5956998214360685,0.184238417163251,0.2810790526536431
GCRN,1,12,0.8810860942454077,0.6717999289493475,0.0434656767056392,0.0816485999218099
GCLSTM,1,12,0.881028757985358,0.6595609283414474,0.044982751715593,0.0842201855844448
LSTM,1,12,0.8810441760194658,0.659997851327474,0.045164997739516,0.0845406012921297
GCRN,9,10,0.8880128271261049,0.5955953468240405,0.2122655452998888,0.3129774014139779
GCLSTM,9,10,0.8875988514047938,0.5884368602220384,0.2152069868895664,0.3151491169144308
LSTM,9,10,0.8609448743079199,0.4387069072688677,0.3986441725603762,0.4077081672776212
GCRN,9,5,0.8972150152540126,0.6540253130810145,0.2942580176892645,0.4058754452606644
GCLSTM,9,5,0.8970907923956716,0.6491407792004165,0.2994273796306655,0.4097732942444834
LSTM,9,5,0.8871514918124677,0.5422739690554443,0.464675405151862,0.495130590169121
GCRN,7,10,0.8881970150280271,0.6012441964720201,0.2068413770605329,0.307792136585413
GCLSTM,7,10,0.887771966023591,0.5940802992933345,0.2088633856482031,0.3090484423697049
LSTM,7,10,0.8923666391554044,0.6179921888347976,0.2742010762488392,0.3796353975659294
GCRN,12,10,0.8882454881129753,0.5838158862102562,0.2235314114275712,0.3232756130226119
GCLSTM,12,10,0.8880573341106865,0.5818722030031562,0.2226115409818991,0.3219880586187523
LSTM,12,10,0.8575783032109003,0.410099350042365,0.4240265704990503,0.4154879282168277
GCRN,14,14,0.8842182148156688,0.5562209316483322,0.1921181054390825,0.2855843333348384
GCLSTM,14,14,0.8837752224259395,0.5492850804715872,0.1960755700272098,0.288963783650338
LSTM,14,14,0.8454254821966274,0.3833422911212261,0.4146263074915509,0.3932276265917142
GCRN,3,1,0.9059788097327688,0.7262435541830315,0.3513845546953698,0.4736088747674862
GCLSTM,3,1,0.906103967133463,0.7236737495300856,0.3558435886417909,0.4770885781912286
LSTM,3,1,0.90875228416496,0.6753698395168521,0.4700765714044196,0.5530035837390691
GCRN,12,5,0.8974250146153582,0.6469124122203336,0.3000983067779555,0.409993356256096
GCLSTM,12,5,0.8973633549984525,0.6424682752279742,0.3061510507532268,0.4146913108512125
LSTM,12,5,0.8898085903916917,0.5610061962022871,0.4593321219930649,0.4973890764355885
GCRN,13,9,0.8896803879088001,0.5916347811483698,0.2355763802641978,0.3369563569103359
GCLSTM,13,9,0.8895308673965149,0.5887037884860816,0.237967063984903,0.3389178656624539
LSTM,13,9,0.8588766863644107,0.4176234333892938,0.4601703253278278,0.4371762896883077
GCRN,8,10,0.8879965438976581,0.5954470505177929,0.2121002877341685,0.3127809341068293
GCLSTM,8,10,0.8877691461191926,0.5917363934930892,0.2131908445877789,0.3134457091907404
LSTM,8,10,0.8665772722583307,0.473701770827386,0.360197393365946,0.3936711554013746
GCRN,7,7,0.8925409682248315,0.6251809569724582,0.2546546614044032,0.3618843801331859
GCLSTM,7,7,0.892172964791991,0.6197094276897547,0.2559625988334612,0.3622821192661073
LSTM,7,7,0.8804297163199901,0.5119389472900201,0.4042889558875064,0.4472484041242504
GCRN,1,6,0.8852578376337032,0.6752257025431745,0.0827105172160617,0.1473680298652468
GCLSTM,1,6,0.88525437348621,0.6684804992017084,0.0851023868959931,0.150983127754225
LSTM,1,6,0.8848093157172915,0.6291039327216345,0.0955634713491954,0.1658457947255921
GCRN,10,13,0.8848061683301692,0.5679868724292063,0.1912979682233567,0.2861807536689417
GCLSTM,10,13,0.884616693491993,0.5659744991409389,0.1895837598765391,0.2840143664285373
LSTM,10,13,0.8672970535327209,0.4651769163864825,0.3351010384538332,0.3790219806126588
