model,phase,coverage_95,interval_width,quantile_95
GCLSTM,decline,0.9323991435014117,28.45644624663103,14.228223123315516
GCLSTM,peak,0.923929787328116,28.456446246631035,14.228223123315518
GCLSTM,surge,0.9526263430163152,28.45644624663103,14.228223123315516
GCRN,decline,0.9324801508347071,28.623759774549672,14.311879887274836
GCRN,peak,0.9240518194278641,28.623759774549672,14.311879887274836
GCRN,surge,0.952627764197601,28.623759774549672,14.311879887274836
LSTM,decline,0.919023458965759,34.66717562824151,17.333587814120754
LSTM,peak,0.9223442543219702,34.66717562824151,17.333587814120754
LSTM,surge,0.9555222367498531,34.66717562824151,17.333587814120754
Persistence,decline,0.9405780418016789,36.513479245881804,18.2567396229409
Persistence,peak,0.9227651766370429,36.513479245881804,18.256739622940895
Persistence,surge,0.9515287173365168,36.5134792458818,18.2567396229409
