model,event,phase,coverage_95,interval_width,quantile_95
GCRN,1,surge,0.9933545563072026,28.623759774549672,14.311879887274836
GCRN,1,surge,0.9936729009152407,28.623759774549672,14.311879887274836
GCRN,1,surge,0.9941636821859663,28.623759774549672,14.311879887274836
GCRN,1,surge,0.9940045098819472,28.623759774549672,14.311879887274836
GCRN,1,surge,0.9944952911526728,28.623759774549672,14.311879887274836
GCRN,1,surge,0.9948534288367158,28.623759774549672,14.311879887274836
GCRN,1,surge,0.9946677278153602,28.623759774549672,14.311879887274836
GCRN,1,surge,0.9937259583499137,28.623759774549672,14.311879887274836
GCRN,1,surge,0.9936198434805678,28.623759774549672,14.311879887274836
GCRN,1,surge,0.9941238891099615,28.623759774549672,14.311879887274836
GCRN,1,surge,0.9943095901313171,28.623759774549672,14.311879887274836
GCRN,1,surge,0.9946544634566918,28.623759774549672,14.311879887274836
GCRN,1,surge,0.9948401644780475,28.623759774549672,14.311879887274836
GCRN,1,surge,0.9941902109033028,28.623759774549672,14.311879887274836
GCRN,1,peak,0.9935933147632312,28.623759774549672,14.311879887274836
GCRN,1,peak,0.9938851306539329,28.623759774549672,14.311879887274836
GCRN,1,peak,0.9936065791218994,28.623759774549672,14.311879887274836
GCRN,1,peak,0.9938586019365964,28.623759774549672,14.311879887274836
GCRN,1,peak,0.994455498076668,28.623759774549672,14.311879887274836
GCRN,1,peak,0.9946809921740284,28.623759774549672,14.311879887274836
GCRN,1,peak,0.994508555511341,28.623759774549672,14.311879887274836
GCRN,1,peak,0.9939116593712694,28.623759774549672,14.311879887274836
GCRN,1,peak,0.9941238891099615,28.623759774549672,14.311879887274836
GCRN,1,peak,0.9938453375779281,28.623759774549672,14.311879887274836
GCRN,1,peak,0.9934208781005438,28.623759774549672,14.311879887274836
GCRN,1,peak,0.9937524870672503,28.623759774549672,14.311879887274836
GCRN,1,peak,0.9940575673166202,28.623759774549672,14.311879887274836
GCRN,1,peak,0.9938453375779281,28.623759774549672,14.311879887274836
GCRN,1,peak,0.9943361188486537,28.623759774549672,14.311879887274836
GCRN,1,decline,0.9938055445019234,28.623759774549672,14.311879887274836
GCRN,1,decline,0.9925189017111022,28.623759774549672,14.311879887274836
GCRN,1,decline,0.9911261440509351,28.623759774549672,14.311879887274836
GCRN,1,decline,0.9902241676614936,28.623759774549672,14.311879887274836
GCRN,1,decline,0.9897201220320998,28.623759774549672,14.311879887274836
GCRN,1,decline,0.9886059159039661,28.623759774549672,14.311879887274836
GCRN,1,decline,0.9868948136357607,28.623759774549672,14.311879887274836
GCRN,1,decline,0.9836981031967105,28.623759774549672,14.311879887274836
GCRN,1,decline,0.9808330017243666,28.623759774549672,14.311879887274836
GCRN,1,decline,0.9749966839103329,28.623759774549672,14.311879887274836
GCRN,1,decline,0.9736171906088341,28.623759774549672,14.311879887274836
GCRN,1,decline,0.9729539726754212,28.623759774549672,14.311879887274836
GCRN,1,decline,0.9707786178538268,28.623759774549672,14.311879887274836
GCRN,1,decline,0.9667727815360128,28.623759774549672,14.311879887274836
GCRN,2,surge,0.9463854622628995,28.623759774549672,14.311879887274836
GCRN,2,surge,0.9429499933678207,28.623759774549672,14.311879887274836
GCRN,2,surge,0.9355086881549277,28.623759774549672,14.311879887274836
GCRN,2,surge,0.9297519564929035,28.623759774549672,14.311879887274836
GCRN,2,surge,0.9258787637617721,28.623759774549672,14.311879887274836
GCRN,2,surge,0.9180395277888314,28.623759774549672,14.311879887274836
GCRN,2,surge,0.9194322854489986,28.623759774549672,14.311879887274836
GCRN,2,surge,0.9093646372197904,28.623759774549672,14.311879887274836
GCRN,2,surge,0.9019100676482292,28.623759774549672,14.311879887274836
GCRN,2,surge,0.8953840031834461,28.623759774549672,14.311879887274836
GCRN,2,surge,0.8859928372463192,28.623759774549672,14.311879887274836
GCRN,2,surge,0.8809391165937127,28.623759774549672,14.311879887274836
GCRN,2,surge,0.879984082769598,28.623759774549672,14.311879887274836
GCRN,2,surge,0.8833797585886722,28.623759774549672,14.311879887274836
GCRN,2,peak,0.8766282000265287,28.623759774549672,14.311879887274836
GCRN,2,peak,0.8656851041252156,28.623759774549672,14.311879887274836
GCRN,2,peak,0.8619180262634302,28.623759774549672,14.311879887274836
GCRN,2,peak,0.8540920546491577,28.623759774549672,14.311879887274836
GCRN,2,peak,0.8514126541981695,28.623759774549672,14.311879887274836
GCRN,2,peak,0.8498872529513198,28.623759774549672,14.311879887274836
GCRN,2,peak,0.8554450192333201,28.623759774549672,14.311879887274836
GCRN,2,peak,0.8498209311579785,28.623759774549672,14.311879887274836
GCRN,2,peak,0.8495954370606181,28.623759774549672,14.311879887274836
GCRN,2,peak,0.8497015519299642,28.623759774549672,14.311879887274836
GCRN,2,peak,0.8448600610160498,28.623759774549672,14.311879887274836
GCRN,2,peak,0.8426316487597825,28.623759774549672,14.311879887274836
GCRN,2,peak,0.8453508422867755,28.623759774549672,14.311879887274836
GCRN,2,peak,0.8563469956227616,28.623759774549672,14.311879887274836
GCRN,2,peak,0.8582968563469956,28.623759774549672,14.311879887274836
GCRN,2,decline,0.8591988327364372,28.623759774549672,14.311879887274836
GCRN,2,decline,0.861241543971349,28.623759774549672,14.311879887274836
GCRN,2,decline,0.8621965777954635,28.623759774549672,14.311879887274836
GCRN,2,decline,0.8705398593977981,28.623759774549672,14.311879887274836
GCRN,2,decline,0.8586152009550339,28.623759774549672,14.311879887274836
GCRN,2,decline,0.8658177477118981,28.623759774549672,14.311879887274836
GCRN,2,decline,0.8660697705265951,28.623759774549672,14.311879887274836
GCRN,2,decline,0.8764557633638413,28.623759774549672,14.311879887274836
GCRN,2,decline,0.8858734580183049,28.623759774549672,14.311879887274836
GCRN,2,decline,0.8939647168059425,28.623759774549672,14.311879887274836
GCRN,2,decline,0.9025467568643056,28.623759774549672,14.311879887274836
GCRN,2,decline,0.9083034885263298,28.623759774549672,14.311879887274836
GCRN,2,decline,0.9170844939647168,28.623759774549672,14.311879887274836
GCRN,2,decline,0.9249900517309988,28.623759774549672,14.311879887274836
GCLSTM,1,surge,0.9933412919485343,28.45644624663103,14.228223123315516
GCLSTM,1,surge,0.9937392227085821,28.45644624663103,14.228223123315516
GCLSTM,1,surge,0.9941769465446346,28.45644624663103,14.228223123315516
GCLSTM,1,surge,0.9940177742406154,28.45644624663103,14.228223123315516
GCLSTM,1,surge,0.9944952911526728,28.45644624663103,14.228223123315516
GCLSTM,1,surge,0.9948269001193792,28.45644624663103,14.228223123315516
GCLSTM,1,surge,0.9945350842286775,28.45644624663103,14.228223123315516
GCLSTM,1,surge,0.9934871998938851,28.45644624663103,14.228223123315516
GCLSTM,1,surge,0.9936065791218994,28.45644624663103,14.228223123315516
GCLSTM,1,surge,0.9939779811646107,28.45644624663103,14.228223123315516
GCLSTM,1,surge,0.9942300039793076,28.45644624663103,14.228223123315516
GCLSTM,1,surge,0.9945218198700093,28.45644624663103,14.228223123315516
GCLSTM,1,surge,0.9947605783260379,28.45644624663103,14.228223123315516
GCLSTM,1,surge,0.9940177742406154,28.45644624663103,14.228223123315516
GCLSTM,1,peak,0.9934739355352169,28.45644624663103,14.228223123315516
GCLSTM,1,peak,0.9938055445019234,28.45644624663103,14.228223123315516
GCLSTM,1,peak,0.993580050404563,28.45644624663103,14.228223123315516
GCLSTM,1,peak,0.9938055445019234,28.45644624663103,14.228223123315516
GCLSTM,1,peak,0.9942963257726489,28.45644624663103,14.228223123315516
GCLSTM,1,peak,0.9944157050006632,28.45644624663103,14.228223123315516
GCLSTM,1,peak,0.9944289693593314,28.45644624663103,14.228223123315516
GCLSTM,1,peak,0.9939381880886059,28.45644624663103,14.228223123315516
GCLSTM,1,peak,0.9939647168059424,28.45644624663103,14.228223123315516
GCLSTM,1,peak,0.9937392227085821,28.45644624663103,14.228223123315516
GCLSTM,1,peak,0.993274970155193,28.45644624663103,14.228223123315516
GCLSTM,1,peak,0.9935269929698899,28.45644624663103,14.228223123315516
GCLSTM,1,peak,0.9938718662952646,28.45644624663103,14.228223123315516
GCLSTM,1,peak,0.9937126939912455,28.45644624663103,14.228223123315516
GCLSTM,1,peak,0.9943228544899854,28.45644624663103,14.228223123315516
GCLSTM,1,decline,0.9936463721979042,28.45644624663103,14.228223123315516
GCLSTM,1,decline,0.9924260512004245,28.45644624663103,14.228223123315516
GCLSTM,1,decline,0.9910598222575938,28.45644624663103,14.228223123315516
GCLSTM,1,decline,0.990197638944157,28.45644624663103,14.228223123315516
GCLSTM,1,decline,0.9896405358800902,28.45644624663103,14.228223123315516
GCLSTM,1,decline,0.98849980103462,28.45644624663103,14.228223123315516
GCLSTM,1,decline,0.9869478710704337,28.45644624663103,14.228223123315516
GCLSTM,1,decline,0.983830746783393,28.45644624663103,14.228223123315516
GCLSTM,1,decline,0.9811248176150683,28.45644624663103,14.228223123315516
GCLSTM,1,decline,0.9752487067250298,28.45644624663103,14.228223123315516
GCLSTM,1,decline,0.9739885926515452,28.45644624663103,14.228223123315516
GCLSTM,1,decline,0.9731927311314498,28.45644624663103,14.228223123315516
GCLSTM,1,decline,0.9706327099084759,28.45644624663103,14.228223123315516
GCLSTM,1,decline,0.9668125746120175,28.45644624663103,14.228223123315516
GCLSTM,2,surge,0.9465844276429235,28.45644624663103,14.228223123315516
GCLSTM,2,surge,0.9428836715744794,28.45644624663103,14.228223123315516
GCLSTM,2,surge,0.9357872396869611,28.45644624663103,14.228223123315516
GCLSTM,2,surge,0.929924393155591,28.45644624663103,14.228223123315516
GCLSTM,2,surge,0.9259450855551135,28.45644624663103,14.228223123315516
GCLSTM,2,surge,0.9181589070168458,28.45644624663103,14.228223123315516
GCLSTM,2,surge,0.919405756731662,28.45644624663103,14.228223123315516
GCLSTM,2,surge,0.9092187292744396,28.45644624663103,14.228223123315516
GCLSTM,2,surge,0.9015254012468498,28.45644624663103,14.228223123315516
GCLSTM,2,surge,0.8954237962594509,28.45644624663103,14.228223123315516
GCLSTM,2,surge,0.8866825838970686,28.45644624663103,14.228223123315516
GCLSTM,2,surge,0.8810452314630588,28.45644624663103,14.228223123315516
GCLSTM,2,surge,0.8800901976389441,28.45644624663103,14.228223123315516
GCLSTM,2,surge,0.8831277357739753,28.45644624663103,14.228223123315516
GCLSTM,2,peak,0.8766282000265287,28.45644624663103,14.228223123315516
GCLSTM,2,peak,0.865300437723836,28.45644624663103,14.228223123315516
GCLSTM,2,peak,0.861652739090065,28.45644624663103,14.228223123315516
GCLSTM,2,peak,0.8544501923332007,28.45644624663103,14.228223123315516
GCLSTM,2,peak,0.851439182915506,28.45644624663103,14.228223123315516
GCLSTM,2,peak,0.8497148162886324,28.45644624663103,14.228223123315516
GCLSTM,2,peak,0.8552991112879692,28.45644624663103,14.228223123315516
GCLSTM,2,peak,0.8502321262766945,28.45644624663103,14.228223123315516
GCLSTM,2,peak,0.8491179201485608,28.45644624663103,14.228223123315516
GCLSTM,2,peak,0.8496750232126277,28.45644624663103,14.228223123315516
GCLSTM,2,peak,0.84394482026794,28.45644624663103,14.228223123315516
GCLSTM,2,peak,0.8423663615864173,28.45644624663103,14.228223123315516
GCLSTM,2,peak,0.845430428438785,28.45644624663103,14.228223123315516
GCLSTM,2,peak,0.8563337312640934,28.45644624663103,14.228223123315516
GCLSTM,2,peak,0.8581509484016447,28.45644624663103,14.228223123315516
GCLSTM,2,decline,0.8598355219525136,28.45644624663103,14.228223123315516
GCLSTM,2,decline,0.8607507627006235,28.45644624663103,14.228223123315516
GCLSTM,2,decline,0.8617853826767475,28.45644624663103,14.228223123315516
GCLSTM,2,decline,0.8697174691603661,28.45644624663103,14.228223123315516
GCLSTM,2,decline,0.8574081443162224,28.45644624663103,14.228223123315516
GCLSTM,2,decline,0.8655391961798647,28.45644624663103,14.228223123315516
GCLSTM,2,decline,0.8660565061679267,28.45644624663103,14.228223123315516
GCLSTM,2,decline,0.8769465446345669,28.45644624663103,14.228223123315516
GCLSTM,2,decline,0.8865764690277225,28.45644624663103,14.228223123315516
GCLSTM,2,decline,0.8929566255471548,28.45644624663103,14.228223123315516
GCLSTM,2,decline,0.9022018835389309,28.45644624663103,14.228223123315516
GCLSTM,2,decline,0.9085289826236902,28.45644624663103,14.228223123315516
GCLSTM,2,decline,0.9165937126939913,28.45644624663103,14.228223123315516
GCLSTM,2,decline,0.9250298448070036,28.45644624663103,14.228223123315516
LSTM,1,surge,0.9880620771985674,34.66717562824151,17.333587814120754
LSTM,1,surge,0.9883936861652739,34.66717562824151,17.333587814120754
LSTM,1,surge,0.9887783525666534,34.66717562824151,17.333587814120754
LSTM,1,surge,0.9882345138612548,34.66717562824151,17.333587814120754
LSTM,1,surge,0.9883273643719326,34.66717562824151,17.333587814120754
LSTM,1,surge,0.988910996153336,34.66717562824151,17.333587814120754
LSTM,1,surge,0.9887783525666534,34.66717562824151,17.333587814120754
LSTM,1,surge,0.9877702613078657,34.66717562824151,17.333587814120754
LSTM,1,surge,0.9878100543838706,34.66717562824151,17.333587814120754
LSTM,1,surge,0.9888712030773312,34.66717562824151,17.333587814120754
LSTM,1,surge,0.9892426051200425,34.66717562824151,17.333587814120754
LSTM,1,surge,0.989574214086749,34.66717562824151,17.333587814120754
LSTM,1,surge,0.9899058230534553,34.66717562824151,17.333587814120754
LSTM,1,surge,0.9888181456426581,34.66717562824151,17.333587814120754
LSTM,1,peak,0.9885130653932882,34.66717562824151,17.333587814120754
LSTM,1,peak,0.9883406287306009,34.66717562824151,17.333587814120754
LSTM,1,peak,0.9880488128398992,34.66717562824151,17.333587814120754
LSTM,1,peak,0.9884334792412787,34.66717562824151,17.333587814120754
LSTM,1,peak,0.9885395941106248,34.66717562824151,17.333587814120754
LSTM,1,peak,0.9888579387186629,34.66717562824151,17.333587814120754
LSTM,1,peak,0.9888579387186629,34.66717562824151,17.333587814120754
LSTM,1,peak,0.9885395941106248,34.66717562824151,17.333587814120754
LSTM,1,peak,0.9887252951319804,34.66717562824151,17.333587814120754
LSTM,1,peak,0.9884069505239421,34.66717562824151,17.333587814120754
LSTM,1,peak,0.9880620771985674,34.66717562824151,17.333587814120754
LSTM,1,peak,0.9883406287306009,34.66717562824151,17.333587814120754
LSTM,1,peak,0.9888314100013265,34.66717562824151,17.333587814120754
LSTM,1,peak,0.9888844674359994,34.66717562824151,17.333587814120754
LSTM,1,peak,0.9893885130653933,34.66717562824151,17.333587814120754
LSTM,1,decline,0.9892823981960472,34.66717562824151,17.333587814120754
LSTM,1,decline,0.98849980103462,34.66717562824151,17.333587814120754
LSTM,1,decline,0.9877437325905293,34.66717562824151,17.333587814120754
LSTM,1,decline,0.9869743997877702,34.66717562824151,17.333587814120754
LSTM,1,decline,0.9868417562010877,34.66717562824151,17.333587814120754
LSTM,1,decline,0.9862183313436795,34.66717562824151,17.333587814120754
LSTM,1,decline,0.9851439182915506,34.66717562824151,17.333587814120754
LSTM,1,decline,0.9830481496219657,34.66717562824151,17.333587814120754
LSTM,1,decline,0.9806340363443428,34.66717562824151,17.333587814120754
LSTM,1,decline,0.9762037405491445,34.66717562824151,17.333587814120754
LSTM,1,decline,0.975102798779679,34.66717562824151,17.333587814120754
LSTM,1,decline,0.9753680859530441,34.66717562824151,17.333587814120754
LSTM,1,decline,0.9729274439580846,34.66717562824151,17.333587814120754
LSTM,1,decline,0.9707255604191537,34.66717562824151,17.333587814120754
LSTM,2,surge,0.9541716408011672,34.66717562824151,17.333587814120754
LSTM,2,surge,0.9510147234381218,34.66717562824151,17.333587814120754
LSTM,2,surge,0.9454569571561215,34.66717562824151,17.333587814120754
LSTM,2,surge,0.9406950523942167,34.66717562824151,17.333587814120754
LSTM,2,surge,0.9364637219790423,34.66717562824151,17.333587814120754
LSTM,2,surge,0.9273511075739488,34.66717562824151,17.333587814120754
LSTM,2,surge,0.9279082106380157,34.66717562824151,17.333587814120754
LSTM,2,surge,0.9201087677410797,34.66717562824151,17.333587814120754
LSTM,2,surge,0.9133306804615997,34.66717562824151,17.333587814120754
LSTM,2,surge,0.9073749834195517,34.66717562824151,17.333587814120754
LSTM,2,surge,0.8992704602732458,34.66717562824151,17.333587814120754
LSTM,2,surge,0.9008489189547685,34.66717562824151,17.333587814120754
LSTM,2,surge,0.8948401644780475,34.66717562824151,17.333587814120754
LSTM,2,surge,0.8943095901313172,34.66717562824151,17.333587814120754
LSTM,2,peak,0.8906353627802096,34.66717562824151,17.333587814120754
LSTM,2,peak,0.8805809789096697,34.66717562824151,17.333587814120754
LSTM,2,peak,0.8742538798249104,34.66717562824151,17.333587814120754
LSTM,2,peak,0.8642923464650484,34.66717562824151,17.333587814120754
LSTM,2,peak,0.8603793606579122,34.66717562824151,17.333587814120754
LSTM,2,peak,0.8562408807534155,34.66717562824151,17.333587814120754
LSTM,2,peak,0.8636423928903038,34.66717562824151,17.333587814120754
LSTM,2,peak,0.8576071096962462,34.66717562824151,17.333587814120754
LSTM,2,peak,0.8523544236636159,34.66717562824151,17.333587814120754
LSTM,2,peak,0.849489322191272,34.66717562824151,17.333587814120754
LSTM,2,peak,0.8401777424061546,34.66717562824151,17.333587814120754
LSTM,2,peak,0.8282663483220586,34.66717562824151,17.333587814120754
LSTM,2,peak,0.8338373789627271,34.66717562824151,17.333587814120754
LSTM,2,peak,0.8449529115267277,34.66717562824151,17.333587814120754
LSTM,2,peak,0.8448467966573816,34.66717562824151,17.333587814120754
LSTM,2,decline,0.841225626740947,34.66717562824151,17.333587814120754
LSTM,2,decline,0.841172569306274,34.66717562824151,17.333587814120754
LSTM,2,decline,0.8408940177742407,34.66717562824151,17.333587814120754
LSTM,2,decline,0.8451386125480833,34.66717562824151,17.333587814120754
LSTM,2,decline,0.8311049210770659,34.66717562824151,17.333587814120754
LSTM,2,decline,0.8334129194853429,34.66717562824151,17.333587814120754
LSTM,2,decline,0.836291285316355,34.66717562824151,17.333587814120754
LSTM,2,decline,0.8479241278684175,34.66717562824151,17.333587814120754
LSTM,2,decline,0.8608966706459743,34.66717562824151,17.333587814120754
LSTM,2,decline,0.870433744528452,34.66717562824151,17.333587814120754
LSTM,2,decline,0.8787372330547818,34.66717562824151,17.333587814120754
LSTM,2,decline,0.8818543573418225,34.66717562824151,17.333587814120754
LSTM,2,decline,0.8856081708449397,34.66717562824151,17.333587814120754
LSTM,2,decline,0.8932484414378565,34.66717562824151,17.333587814120754
Persistence,1,surge,0.993168855285847,36.5134792458818,18.2567396229409
Persistence,1,surge,0.9936198434805678,36.5134792458818,18.2567396229409
Persistence,1,surge,0.9934606711765486,36.5134792458818,18.2567396229409
Persistence,1,surge,0.992969889905823,36.5134792458818,18.2567396229409
Persistence,1,surge,0.9957156121501526,36.5134792458818,18.2567396229409
Persistence,1,surge,0.9972675421143388,36.5134792458818,18.2567396229409
Persistence,1,surge,0.9956227616394747,36.5134792458818,18.2567396229409
Persistence,1,surge,0.9926648096564531,36.513479245881804,18.2567396229409
Persistence,1,surge,0.9949462793473935,36.5134792458818,18.2567396229409
Persistence,1,surge,0.9962992439315559,36.5134792458818,18.2567396229409
Persistence,1,surge,0.9943493832073219,36.5134792458818,18.2567396229409
Persistence,1,surge,0.9961798647035416,36.5134792458818,18.2567396229409
Persistence,1,surge,0.9966043241809258,36.5134792458818,18.2567396229409
Persistence,1,surge,0.9943493832073219,36.5134792458818,18.2567396229409
Persistence,1,peak,0.9925454304284388,36.5134792458818,18.2567396229409
Persistence,1,peak,0.9931157978511739,36.513479245881804,18.2567396229409
Persistence,1,peak,0.9945218198700093,36.513479245881804,18.2567396229409
Persistence,1,peak,0.994044302957952,36.5134792458818,18.2567396229409
Persistence,1,peak,0.9957288765088208,36.5134792458818,18.2567396229409
Persistence,1,peak,0.9955166467701286,36.5134792458818,18.2567396229409
Persistence,1,peak,0.9906884202148826,36.5134792458818,18.2567396229409
Persistence,1,peak,0.9937790157845868,36.5134792458818,18.2567396229409
Persistence,1,peak,0.9940708316752885,36.5134792458818,18.2567396229409
Persistence,1,peak,0.9944952911526728,36.513479245881804,18.2567396229409
Persistence,1,peak,0.9942300039793076,36.5134792458818,18.2567396229409
Persistence,1,peak,0.9952513595967635,36.5134792458818,18.2567396229409
Persistence,1,peak,0.9962461864968829,36.5134792458818,18.2567396229409
Persistence,1,peak,0.993274970155193,36.5134792458818,18.2567396229409
Persistence,1,peak,0.994455498076668,36.5134792458818,18.2567396229409
Persistence,1,decline,0.9949462793473935,36.513479245881804,18.2567396229409
Persistence,1,decline,0.9932351770791882,36.5134792458818,18.2567396229409
Persistence,1,decline,0.9926780740151213,36.5134792458818,18.2567396229409
Persistence,1,decline,0.9924260512004245,36.5134792458818,18.2567396229409
Persistence,1,decline,0.9920679135163815,36.5134792458818,18.2567396229409
Persistence,1,decline,0.9905690409868683,36.5134792458818,18.2567396229409
Persistence,1,decline,0.9872529513198037,36.513479245881804,18.2567396229409
Persistence,1,decline,0.9847592518901711,36.5134792458818,18.2567396229409
Persistence,1,decline,0.984600079586152,36.5134792458818,18.2567396229409
Persistence,1,decline,0.9786178538267675,36.513479245881804,18.2567396229409
Persistence,1,decline,0.9798381748242473,36.5134792458818,18.2567396229409
Persistence,1,decline,0.9805146571163285,36.5134792458818,18.2567396229409
Persistence,1,decline,0.9749834195516647,36.5134792458818,18.2567396229409
Persistence,1,decline,0.9745324313569439,36.5134792458818,18.2567396229409
Persistence,2,surge,0.9546756864305611,36.5134792458818,18.2567396229409
Persistence,2,surge,0.946252818676217,36.5134792458818,18.2567396229409
Persistence,2,surge,0.9397798116461069,36.5134792458818,18.2567396229409
Persistence,2,surge,0.934089401777424,36.513479245881804,18.2567396229409
Persistence,2,surge,0.9247247645576336,36.513479245881804,18.2567396229409
Persistence,2,surge,0.9076535349515851,36.5134792458818,18.2567396229409
Persistence,2,surge,0.9283326701153999,36.513479245881804,18.2567396229409
Persistence,2,surge,0.9177344475394614,36.5134792458818,18.2567396229409
Persistence,2,surge,0.8917495689083432,36.5134792458818,18.2567396229409
Persistence,2,surge,0.89322191272052,36.5134792458818,18.2567396229409
Persistence,2,surge,0.8813237829950922,36.513479245881804,18.2567396229409
Persistence,2,surge,0.8877039395145244,36.5134792458818,18.2567396229409
Persistence,2,surge,0.8184507229075474,36.5134792458818,18.2567396229409
Persistence,2,surge,0.8898925586947871,36.5134792458818,18.2567396229409
Persistence,2,peak,0.8897201220320997,36.5134792458818,18.2567396229409
Persistence,2,peak,0.8533492505637352,36.5134792458818,18.2567396229409
Persistence,2,peak,0.8376575142591856,36.513479245881804,18.2567396229409
Persistence,2,peak,0.8516514126541982,36.5134792458818,18.2567396229409
Persistence,2,peak,0.8586549940310386,36.5134792458818,18.2567396229409
Persistence,2,peak,0.8305610823716674,36.513479245881804,18.2567396229409
Persistence,2,peak,0.8796790025202281,36.5134792458818,18.2567396229409
Persistence,2,peak,0.7862581244196843,36.5134792458818,18.2567396229409
Persistence,2,peak,0.8301896803289561,36.513479245881804,18.2567396229409
Persistence,2,peak,0.8455896007428041,36.5134792458818,18.2567396229409
Persistence,2,peak,0.8344608038201353,36.513479245881804,18.2567396229409
Persistence,2,peak,0.8463854622628996,36.5134792458818,18.2567396229409
Persistence,2,peak,0.8757394879957554,36.5134792458818,18.2567396229409
Persistence,2,peak,0.8975593580050405,36.5134792458818,18.2567396229409
Persistence,2,peak,0.8535349515850909,36.5134792458818,18.2567396229409
Persistence,2,decline,0.8246717071229606,36.513479245881804,18.2567396229409
Persistence,2,decline,0.8611884865366759,36.513479245881804,18.2567396229409
Persistence,2,decline,0.8735773975328293,36.513479245881804,18.2567396229409
Persistence,2,decline,0.8970818410929832,36.513479245881804,18.2567396229409
Persistence,2,decline,0.8468099217402839,36.513479245881804,18.2567396229409
Persistence,2,decline,0.8983684838838042,36.513479245881804,18.2567396229409
Persistence,2,decline,0.8855949064862714,36.513479245881804,18.2567396229409
Persistence,2,decline,0.9093248441437857,36.5134792458818,18.2567396229409
Persistence,2,decline,0.9223504443560154,36.5134792458818,18.2567396229409
Persistence,2,decline,0.9108502453906354,36.513479245881804,18.2567396229409
Persistence,2,decline,0.9188486536675952,36.513479245881804,18.2567396229409
Persistence,2,decline,0.9154662422071893,36.513479245881804,18.2567396229409
Persistence,2,decline,0.9335322987133572,36.513479245881804,18.2567396229409
Persistence,2,decline,0.9374983419551665,36.5134792458818,18.2567396229409
