model,region,phase,mae_absolute,rmse_absolute,mae_per_100k,rmse_per_100k,mean_observed_incidence_per_100k,mean_relative_error_percent,median_relative_error_percent,population
GCLSTM,Centro-Oeste,decline,1744.6577035087826,2153.1432273845626,10.737091167411617,13.2510205769464,15.351586151130084,18804.579371794483,63.80406674989277,16248886.0
GCLSTM,Centro-Oeste,peak,2576.1492356228846,3312.68005508261,15.854312939501728,20.387121031451695,23.09268928493496,20688.071102633512,97.68222438241729,16248886.0
GCLSTM,Centro-Oeste,surge,1695.3787229498357,2205.422631866744,10.433815111693416,13.57276204575959,13.141120623836715,26368.669521860877,75.68734996209503,16248886.0
GCLSTM,Nordeste,decline,4566.206321063554,4974.350208566676,8.525511807381644,9.287552610480535,5.604195042587336,1002.2467237918256,169.13378523563745,53559322.0
GCLSTM,Nordeste,peak,4811.315081666095,5231.321786625547,8.983151582214008,9.767341316653612,7.235017243373962,2477.015449068161,287.23791477124644,53559322.0
GCLSTM,Nordeste,surge,4217.1202095670515,4854.120605347524,7.873737105124392,9.063073287872323,7.873974636260506,33262.89228183551,302.59512137908655,53559322.0
GCLSTM,Norte,decline,1127.5558114562104,1244.0663431038606,6.565355836936689,7.243755159831052,5.724356959002193,281.12587620497277,144.87500615451626,17174329.0
GCLSTM,Norte,peak,1164.2075215929947,1283.7811139518976,6.77876568914567,7.475000123451098,6.149529795753195,364.9935312822766,153.72511986035875,17174329.0
GCLSTM,Norte,surge,893.7325956553277,1011.988554584767,5.2038865428473375,5.892448867054818,5.034759872220335,6118.024296849947,116.66290705731336,17174329.0
GCLSTM,Sudeste,decline,6632.796969426236,8025.434677585795,8.076282782518657,9.771998179287126,10.063100238695686,25432.327616824892,62.54561339662403,82126854.0
GCLSTM,Sudeste,peak,5640.84488144061,6919.085013757328,6.8684536259487174,8.424875271317866,11.089560453291302,27316.160848327738,91.04038789851849,82126854.0
GCLSTM,Sudeste,surge,5853.908111085708,6844.900821158994,7.1278854917366115,8.334546482395385,9.394643912369158,64214.98295993138,93.76631616994729,82126854.0
GCLSTM,Sul,decline,3241.9481392108487,3682.401884157431,11.228255130717056,12.753735122739332,15.029706434343217,212.97600172663965,56.50172332990355,28873125.0
GCLSTM,Sul,peak,2447.995980172348,2830.883916993636,8.478458705707638,9.804563645236309,18.47543595537443,193.31617886986285,100.64460457766248,28873125.0
GCLSTM,Sul,surge,2866.055111457862,3396.864134245206,9.926376557639196,11.764795581514663,13.649865960209862,15035.986224202168,91.64864477622652,28873125.0
GCRN,Centro-Oeste,decline,1746.0764506291857,2151.9606151499734,10.745822517489419,13.243742464252463,15.351586151130084,18826.915938944898,65.10301369889203,16248886.0
GCRN,Centro-Oeste,peak,2582.42173575853,3319.714680919279,15.892915586696406,20.43041400450024,23.09268928493496,20740.385887956338,95.68765626952914,16248886.0
GCRN,Centro-Oeste,surge,1693.7425707569164,2204.3015795362644,10.423745792523354,13.565862789216839,13.141120623836715,26362.486357653866,75.46840162669528,16248886.0
GCRN,Nordeste,decline,3856.4031201289317,4342.178593137653,7.2002463364434135,8.10723218852108,5.604195042587336,823.1428490664828,143.4645653400396,53559322.0
GCRN,Nordeste,peak,4118.784682482667,4623.316254602541,7.690135962667091,8.632141113740278,7.235017243373962,2067.167337565987,235.35798960377358,53559322.0
GCRN,Nordeste,surge,3770.8067375766354,4438.34740603587,7.040430305627534,8.286787883602914,7.873974636260506,29469.932533382445,248.34150060072403,53559322.0
GCRN,Norte,decline,1063.5236555496351,1190.0243974132193,6.192519402357059,6.929088160668281,5.724356959002193,264.9101804925138,129.27064791860303,17174329.0
GCRN,Norte,peak,1097.5082230977578,1232.4278717137101,6.3903994333505425,7.17598848673337,6.149529795753195,339.4378784970833,138.47990925832605,17174329.0
GCRN,Norte,surge,827.6594806299827,950.458799292847,4.819166330340956,5.534183019859738,5.034759872220335,5827.804588913556,107.28055546495531,17174329.0
GCRN,Sudeste,decline,6621.719112602295,8028.942882721867,8.062794068067303,9.776269869928132,10.063100238695686,25469.51048572361,61.81123954321707,82126854.0
GCRN,Sudeste,peak,5625.538570337411,6904.340934571609,6.849816224955374,8.406922459944234,11.089560453291302,26633.68055713605,88.94801892212601,82126854.0
GCRN,Sudeste,surge,5809.227473034911,6802.698800182349,7.073481072384571,8.283160097892402,9.394643912369158,63268.38515151529,92.51163043408972,82126854.0
GCRN,Sul,decline,3245.0577464951166,3692.4727179221604,11.239025032777423,12.788614734020515,15.029706434343217,212.48603889735676,54.73914918397812,28873125.0
GCRN,Sul,peak,2438.6426484516865,2825.7870116828344,8.446064111355064,9.786910878828788,18.47543595537443,190.58954964522545,99.6535368087553,28873125.0
GCRN,Sul,surge,2853.5658876477596,3385.431808560935,9.883121025686549,11.725200540505869,13.649865960209862,15143.73116525182,90.8657048948634,28873125.0
LSTM,Centro-Oeste,decline,2773.3604303159877,3213.7715127615725,17.068003494614878,19.778411349316944,15.351586151130084,27323.765518474866,167.74317264971256,16248886.0
LSTM,Centro-Oeste,peak,3260.8653581903345,3844.5343620943736,20.068239497712856,23.660295001727338,23.09268928493496,30279.898557540677,183.45504874890625,16248886.0
LSTM,Centro-Oeste,surge,2557.339883780275,2937.455185341382,15.738555146366807,18.077886603065476,13.141120623836715,44017.72944993612,202.7432611241574,16248886.0
LSTM,Nordeste,decline,20483.215140868764,20619.97204683971,38.243977660637235,38.499314921947125,5.604195042587336,4908.755326421466,850.2376687304848,53559322.0
LSTM,Nordeste,peak,20338.457785789487,20462.851545295955,37.97370285193208,38.2059570233095,7.235017243373962,10874.285272935746,1243.0092875997716,53559322.0
LSTM,Nordeste,surge,18812.063105793262,19171.79679532379,35.12378873241387,35.79544340632951,7.873974636260506,109722.45012802744,1377.10527775017,53559322.0
LSTM,Norte,decline,3415.258978965904,3491.4650457860853,19.88583646537751,20.329557246667893,5.724356959002193,803.3501532722257,404.00493628351023,17174329.0
LSTM,Norte,peak,3313.240215280684,3421.542615786015,19.291817545131945,19.922423844250424,6.149529795753195,1094.288203256858,513.1648414423782,17174329.0
LSTM,Norte,surge,3254.2263227889403,3327.351225813922,18.948200670832268,19.373980932902366,5.034759872220335,14532.278116029358,468.4509343188263,17174329.0
LSTM,Sudeste,decline,10591.72423815365,11803.399227710759,12.896785548553522,14.37215557740804,10.063100238695686,36194.01339279241,125.38507417156934,82126854.0
LSTM,Sudeste,peak,9840.925847066157,11012.101177480878,11.982592011945517,13.408648500624262,11.089560453291302,70413.45807754641,244.38326712574042,82126854.0
LSTM,Sudeste,surge,9964.556709409417,11049.875203924325,12.133128476356122,13.454643232680414,9.394643912369158,116726.87900440033,243.90638914393682,82126854.0
LSTM,Sul,decline,5220.404069277122,5684.07754161065,18.08049551019199,19.686395364584367,15.029706434343217,407.5824441627343,173.12802805680593,28873125.0
LSTM,Sul,peak,3983.398206576407,4468.55381675222,13.796214322406762,15.476516022260217,18.47543595537443,484.81423877615475,253.74194593489926,28873125.0
LSTM,Sul,surge,4352.921069569581,4813.110257493636,15.076030286190292,16.669862571140587,13.649865960209862,22654.966689047615,240.37058538294542,28873125.0
Persistence,Centro-Oeste,decline,1935.9515341730043,2260.4995029871193,11.91436467812627,13.911719874132412,15.351586151130084,12604.432743725147,66.70313209848652,16248886.0
Persistence,Centro-Oeste,peak,3276.304760990502,3889.2544090805063,20.163257721117017,23.93551415820448,23.09268928493496,24440.417121798833,66.61457030292588,16248886.0
Persistence,Centro-Oeste,surge,1852.433674465219,2466.511290541236,11.400373382305832,15.179571636733966,13.141120623836715,21195.83000089823,80.18878288645786,16248886.0
Persistence,Nordeste,decline,2314.405612013374,2770.561297478315,4.321200354278895,5.172883438439185,5.604195042587336,247.25966278287052,74.46066447511842,53559322.0
Persistence,Nordeste,peak,2170.250002988748,2535.6523880393306,4.052049058777757,4.734287689525515,7.235017243373962,366.79358180716025,50.61928766185531,53559322.0
Persistence,Nordeste,surge,2907.767856947837,3572.775133457865,5.429060242674164,6.670687753399614,7.873974636260506,17862.81909726386,61.452877903489984,53559322.0
Persistence,Norte,decline,730.7678587250539,937.1478331394126,4.255000930313224,5.456678005524481,5.724356959002193,126.79364271501841,50.09875736004754,17174329.0
Persistence,Norte,peak,810.8833330921657,1021.8522959415676,4.721484799156728,5.949881919355147,6.149529795753195,173.76899341254497,44.342187454702945,17174329.0
Persistence,Norte,surge,581.8086735799708,702.718811504467,3.387664656825724,4.09168131986098,5.034759872220335,3422.461593037318,51.397310302680346,17174329.0
Persistence,Sudeste,decline,7224.329080239829,8856.076249817579,8.796549153386332,10.783411050687002,10.063100238695686,18708.355339226448,73.09098619043317,82126854.0
Persistence,Sudeste,peak,6971.550003876423,8372.600044447714,8.488758139787532,10.194716632452176,11.089560453291302,15932.208839242738,83.59589841614576,82126854.0
Persistence,Sudeste,surge,6581.734699156696,7894.8867446530785,8.014107905748704,9.613039292425688,9.394643912369158,40949.8422942498,72.14804765144113,82126854.0
Persistence,Sul,decline,2990.811231104413,3668.8699894628417,10.358460440649958,12.706868374874011,15.029706434343217,144.76893863837293,67.58408096092606,28873125.0
Persistence,Sul,peak,2963.711904865731,3503.9662569912575,10.264603865586876,12.1357361109726,18.47543595537443,89.64273095158451,54.205425753207145,28873125.0
Persistence,Sul,surge,2817.352041656681,3523.6833334053954,9.757696964414766,12.204024792624267,13.649865960209862,11068.832717659532,53.02021056909241,28873125.0
