model,region,phase,RMSE,MAE
GCLSTM,Brasil,decline,17405.740317433225,15018.509739855488
GCLSTM,Brasil,peak,14888.647118882354,13162.158228705246
GCLSTM,Brasil,surge,15279.70363107686,13131.572020023998
GCLSTM,Centro-Oeste,decline,2153.1432273845626,1744.6577035087826
GCLSTM,Centro-Oeste,peak,3312.68005508261,2576.1492356228846
GCLSTM,Centro-Oeste,surge,2205.422631866744,1695.3787229498357
GCLSTM,Nordeste,decline,4974.350208566676,4566.206321063554
GCLSTM,Nordeste,peak,5231.321786625547,4811.315081666095
GCLSTM,Nordeste,surge,4854.120605347524,4217.1202095670515
GCLSTM,Norte,decline,1244.0663431038606,1127.5558114562104
GCLSTM,Norte,peak,1283.7811139518976,1164.2075215929947
GCLSTM,Norte,surge,1011.988554584767,893.7325956553277
GCLSTM,Sudeste,decline,8025.434677585795,6632.796969426236
GCLSTM,Sudeste,peak,6919.085013757328,5640.84488144061
GCLSTM,Sudeste,surge,6844.900821158994,5853.908111085708
GCLSTM,Sul,decline,3682.401884157431,3241.9481392108487
GCLSTM,Sul,peak,2830.883916993636,2447.995980172348
GCLSTM,Sul,surge,3396.864134245206,2866.055111457862
GCRN,Brasil,decline,16926.565058961412,14445.347278387528
GCRN,Brasil,peak,14442.783953046152,12682.416446943475
GCRN,Brasil,surge,14867.863474246105,12602.532829948535
GCRN,Centro-Oeste,decline,2151.9606151499734,1746.0764506291857
GCRN,Centro-Oeste,peak,3319.714680919279,2582.42173575853
GCRN,Centro-Oeste,surge,2204.3015795362644,1693.7425707569164
GCRN,Nordeste,decline,4342.178593137653,3856.4031201289317
GCRN,Nordeste,peak,4623.316254602541,4118.784682482667
GCRN,Nordeste,surge,4438.34740603587,3770.8067375766354
GCRN,Norte,decline,1190.0243974132193,1063.5236555496351
GCRN,Norte,peak,1232.4278717137101,1097.5082230977578
GCRN,Norte,surge,950.458799292847,827.6594806299827
GCRN,Sudeste,decline,8028.942882721867,6621.719112602295
GCRN,Sudeste,peak,6904.340934571609,5625.538570337411
GCRN,Sudeste,surge,6802.698800182349,5809.227473034911
GCRN,Sul,decline,3692.4727179221604,3245.0577464951166
GCRN,Sul,peak,2825.7870116828344,2438.6426484516865
GCRN,Sul,surge,3385.431808560935,2853.5658876477596
LSTM,Brasil,decline,42648.39676078326,40957.411347070745
LSTM,Brasil,peak,37875.548489076864,35922.68644634076
LSTM,Brasil,surge,37258.53040800403,34968.16407351716
LSTM,Centro-Oeste,decline,3213.7715127615725,2773.3604303159877
LSTM,Centro-Oeste,peak,3844.5343620943736,3260.8653581903345
LSTM,Centro-Oeste,surge,2937.455185341382,2557.339883780275
LSTM,Nordeste,decline,20619.97204683971,20483.215140868764
LSTM,Nordeste,peak,20462.851545295955,20338.457785789487
LSTM,Nordeste,surge,19171.79679532379,18812.063105793262
LSTM,Norte,decline,3491.4650457860853,3415.258978965904
LSTM,Norte,peak,3421.542615786015,3313.240215280684
LSTM,Norte,surge,3327.351225813922,3254.2263227889403
LSTM,Sudeste,decline,11803.399227710759,10591.72423815365
LSTM,Sudeste,peak,11012.101177480878,9840.925847066157
LSTM,Sudeste,surge,11049.875203924325,9964.556709409417
LSTM,Sul,decline,5684.07754161065,5220.404069277122
LSTM,Sul,peak,4468.55381675222,3983.398206576407
LSTM,Sul,surge,4813.110257493636,4352.921069569581
Persistence,Brasil,decline,16112.0015044395,13364.19388868841
Persistence,Brasil,peak,14402.167316522013,12356.909535475948
Persistence,Brasil,surge,14808.923524674556,12400.984692601489
Persistence,Centro-Oeste,decline,2260.4995029871193,1935.9515341730043
Persistence,Centro-Oeste,peak,3889.2544090805063,3276.304760990502
Persistence,Centro-Oeste,surge,2466.511290541236,1852.433674465219
Persistence,Nordeste,decline,2770.561297478315,2314.405612013374
Persistence,Nordeste,peak,2535.6523880393306,2170.250002988748
Persistence,Nordeste,surge,3572.775133457865,2907.767856947837
Persistence,Norte,decline,937.1478331394126,730.7678587250539
Persistence,Norte,peak,1021.8522959415676,810.8833330921657
Persistence,Norte,surge,702.718811504467,581.8086735799708
Persistence,Sudeste,decline,8856.076249817579,7224.329080239829
Persistence,Sudeste,peak,8372.600044447714,6971.550003876423
Persistence,Sudeste,surge,7894.8867446530785,6581.734699156696
Persistence,Sul,decline,3668.8699894628417,2990.811231104413
Persistence,Sul,peak,3503.9662569912575,2963.711904865731
Persistence,Sul,surge,3523.6833334053954,2817.352041656681
