model,event,phase,snapshot,date,RMSE_national,MAE_national
GCRN,1,surge,0,2022-07-19 00:00:00,16485.678893274573,15263.90086123453
GCRN,1,surge,1,2022-07-20 00:00:00,16772.02502578243,15774.456504905971
GCRN,1,peak,2,2022-07-21 00:00:00,17541.298506906012,16487.66823384273
GCRN,1,peak,3,2022-07-22 00:00:00,17301.79831040671,16399.525809804392
GCRN,1,peak,4,2022-07-23 00:00:00,18164.26631761087,17486.930382371247
GCRN,1,peak,5,2022-07-24 00:00:00,17548.297292860494,16715.970639162635
GCRN,1,peak,6,2022-07-25 00:00:00,19845.370844120695,18752.05347657084
GCRN,1,peak,7,2022-07-26 00:00:00,16075.697045149302,14884.918121317067
GCRN,1,peak,8,2022-07-27 00:00:00,15662.288087440782,14364.042435211566
GCRN,1,peak,9,2022-07-28 00:00:00,16603.78786521733,14783.968654915749
GCRN,1,peak,10,2022-07-29 00:00:00,18285.22451655899,16645.221588861357
GCRN,1,peak,11,2022-07-30 00:00:00,18896.518422911693,17372.86475862578
GCRN,1,peak,12,2022-07-31 00:00:00,19566.21441364942,18087.059981066814
GCRN,1,peak,13,2022-08-01 00:00:00,18639.71336867056,17853.96091829306
GCRN,1,peak,14,2022-08-02 00:00:00,19226.870058382756,18446.08394792755
GCRN,1,peak,15,2022-08-03 00:00:00,19090.116102103213,18153.61500545425
GCRN,1,peak,16,2022-08-04 00:00:00,18098.502645153425,16730.989166319447
GCRN,1,decline,17,2022-08-05 00:00:00,20142.538349754534,19024.797221847453
GCRN,1,decline,18,2022-08-06 00:00:00,19510.22345587848,18426.529880725353
GCRN,1,decline,19,2022-08-07 00:00:00,18894.908198291538,17896.345873325743
GCRN,1,decline,20,2022-08-08 00:00:00,17484.552221529593,15940.21574720669
GCRN,1,decline,21,2022-08-09 00:00:00,16442.551236735937,15271.627606975575
GCRN,1,decline,22,2022-08-10 00:00:00,16546.26965137318,15576.285933312492
GCRN,1,decline,23,2022-08-11 00:00:00,16978.38343642353,16132.593059679943
GCRN,1,decline,24,2022-08-12 00:00:00,16428.58442659026,15684.282486896189
GCRN,1,decline,25,2022-08-13 00:00:00,16499.008491346704,15832.193528694372
GCRN,1,decline,26,2022-08-14 00:00:00,16311.36595921606,15829.935791765429
GCRN,1,decline,27,2022-08-15 00:00:00,15227.09767928223,14580.230446192607
GCRN,1,decline,28,2022-08-16 00:00:00,13570.397213875573,12933.290627472827
GCRN,1,decline,29,2022-08-17 00:00:00,13406.96157623043,12767.133747993383
GCRN,1,decline,30,2022-08-18 00:00:00,13631.577068935305,12915.681881226037
GCRN,2,surge,34,2022-08-22 00:00:00,13921.36054135864,13042.357185567942
GCRN,2,surge,35,2022-08-23 00:00:00,13161.35535071419,12109.423965960383
GCRN,2,surge,36,2022-08-24 00:00:00,13208.271683297226,12198.895392350416
GCRN,2,surge,37,2022-08-25 00:00:00,14102.446167023394,12800.643663484972
GCRN,2,surge,38,2022-08-26 00:00:00,15914.864134821088,14455.756997452629
GCRN,2,surge,39,2022-08-27 00:00:00,16079.666906883067,14838.455192217258
GCRN,2,surge,40,2022-08-28 00:00:00,15803.391759897186,14684.013073488297
GCRN,2,surge,41,2022-08-29 00:00:00,15068.333593982674,13866.88008133972
GCRN,2,surge,42,2022-08-30 00:00:00,16060.386706746243,15132.493238173765
GCRN,2,surge,43,2022-08-31 00:00:00,15743.408350267551,14915.985090697866
GCRN,2,surge,44,2022-09-01 00:00:00,15314.608275723825,14603.597186988107
GCRN,2,surge,45,2022-09-02 00:00:00,15345.056692416978,14695.197149871086
GCRN,2,surge,46,2022-09-03 00:00:00,15004.932569804592,14369.5551872194
GCRN,2,surge,47,2022-09-04 00:00:00,15304.360408378672,14678.522068301336
GCRN,2,peak,48,2022-09-05 00:00:00,14355.64197863001,13735.756204484866
GCRN,2,peak,49,2022-09-06 00:00:00,14131.199166322374,13505.43792432672
GCRN,2,peak,50,2022-09-07 00:00:00,14206.73211974247,13670.026189048716
GCRN,2,peak,51,2022-09-08 00:00:00,13797.309263317606,13071.857209619962
GCRN,2,peak,52,2022-09-09 00:00:00,12679.388396734388,11778.798308703535
GCRN,2,peak,53,2022-09-10 00:00:00,13015.460444833898,12151.55775030685
GCRN,2,peak,54,2022-09-11 00:00:00,13172.808933953213,12454.986543260384
GCRN,2,peak,55,2022-09-12 00:00:00,12877.162171221937,11978.369045508638
GCRN,2,peak,56,2022-09-13 00:00:00,12307.585031100036,11396.748326447309
GCRN,2,peak,57,2022-09-14 00:00:00,12278.165580784069,11350.790828202726
GCRN,2,peak,58,2022-09-15 00:00:00,13040.011661796974,12362.182247578476
GCRN,2,peak,59,2022-09-16 00:00:00,12982.278920118832,12394.801440119349
GCRN,2,peak,60,2022-09-17 00:00:00,12982.758035277102,12583.28845058016
GCRN,2,peak,61,2022-09-18 00:00:00,11987.006993839215,11479.564083881205
GCRN,2,peak,62,2022-09-19 00:00:00,12174.968290553004,11572.942498392824
GCRN,2,decline,63,2022-09-20 00:00:00,11994.404922681108,11371.029900748385
GCRN,2,decline,64,2022-09-21 00:00:00,11777.45600849859,11164.382179212673
GCRN,2,decline,65,2022-09-22 00:00:00,11614.484053633403,10922.138040405001
GCRN,2,decline,66,2022-09-23 00:00:00,11702.533725852936,11057.826575156088
GCRN,2,decline,67,2022-09-24 00:00:00,11652.29020203643,11038.747066763912
GCRN,2,decline,68,2022-09-25 00:00:00,11907.902893593577,11271.727830662192
GCRN,2,decline,69,2022-09-26 00:00:00,11634.916495705033,10777.789766836646
GCRN,2,decline,70,2022-09-27 00:00:00,11705.755471731236,10884.157425634961
GCRN,2,decline,71,2022-09-28 00:00:00,11670.142548434485,10915.709101073151
GCRN,2,decline,72,2022-09-29 00:00:00,11872.29820673893,11020.86675295423
GCRN,2,decline,73,2022-09-30 00:00:00,12676.746957933416,11783.021311079863
GCRN,2,decline,74,2022-10-01 00:00:00,12903.298166896455,12138.044763941914
GCRN,2,decline,75,2022-10-02 00:00:00,13113.624800261847,12355.710272893239
GCRN,2,decline,76,2022-10-03 00:00:00,12609.608615495617,11719.659485782278
GCRN,3,surge,125,2022-11-21 00:00:00,16432.07132578111,12293.794923510972
GCRN,3,surge,126,2022-11-22 00:00:00,16208.249936908633,12043.929764659382
GCRN,3,surge,127,2022-11-23 00:00:00,17372.626294015914,13668.616889699917
GCRN,3,surge,128,2022-11-24 00:00:00,17324.151877876633,13560.956038924207
GCRN,3,surge,129,2022-11-25 00:00:00,17401.101762842714,13849.65566618194
GCRN,3,surge,130,2022-11-26 00:00:00,16772.476699414907,13375.52541534985
GCRN,3,surge,131,2022-11-27 00:00:00,17872.93706518525,14137.517011002927
GCRN,3,surge,132,2022-11-28 00:00:00,19982.879548945675,15245.132745547651
GCRN,3,surge,133,2022-11-29 00:00:00,20651.357251200927,16345.47071898634
GCRN,3,surge,134,2022-11-30 00:00:00,19746.566082259298,15285.8119022027
GCRN,3,surge,135,2022-12-01 00:00:00,20154.600103783578,16144.908576451764
GCRN,3,surge,136,2022-12-02 00:00:00,21416.61377962969,17692.55439803584
GCRN,3,surge,137,2022-12-03 00:00:00,17421.501269790366,14156.090312822053
GCRN,3,surge,138,2022-12-04 00:00:00,19200.127150217744,16235.966025976551
GCRN,3,peak,139,2022-12-05 00:00:00,19756.459410679312,16640.420425940756
GCRN,3,peak,140,2022-12-06 00:00:00,20363.001800124894,17944.016945174502
GCRN,3,peak,141,2022-12-07 00:00:00,19103.581618331445,15954.912593490542
GCRN,3,peak,142,2022-12-08 00:00:00,18696.459798306,15155.30985524526
GCRN,3,peak,143,2022-12-10 00:00:00,19369.89930812939,16330.131139429845
GCRN,3,peak,144,2022-12-11 00:00:00,19679.602587111003,17408.575604547477
GCRN,3,peak,145,2022-12-12 00:00:00,19208.84404655153,16384.274360302614
GCRN,3,peak,146,2022-12-13 00:00:00,14743.278656432853,12778.835720004356
GCRN,3,peak,147,2022-12-14 00:00:00,14059.254809591206,12088.000438203928
GCRN,3,peak,148,2022-12-15 00:00:00,16028.120488850433,13891.350575100481
GCRN,3,peak,149,2022-12-16 00:00:00,17928.12324727823,15690.344651713387
GCRN,3,peak,150,2022-12-17 00:00:00,18880.24469001306,16502.659657686898
GCRN,3,peak,151,2022-12-18 00:00:00,17561.994508172753,15018.677350091462
GCRN,3,peak,152,2022-12-19 00:00:00,15325.480858924206,12598.841437167091
GCRN,3,peak,153,2022-12-20 00:00:00,15897.479076867545,13326.3561550035
GCRN,3,decline,154,2022-12-21 00:00:00,19766.09307881644,16096.604932623277
GCRN,3,decline,155,2022-12-22 00:00:00,23605.69686843981,18457.272153211554
GCRN,3,decline,156,2022-12-23 00:00:00,24917.49531636786,20317.003552693386
GCRN,3,decline,157,2022-12-26 00:00:00,24010.568630565922,18983.373215322976
GCRN,3,decline,158,2022-12-27 00:00:00,23818.552804274466,19508.387651944533
GCRN,3,decline,159,2022-12-28 00:00:00,23797.623834446073,20199.339329213508
GCRN,3,decline,160,2022-12-29 00:00:00,24188.64551176043,21191.72547288149
GCRN,3,decline,161,2022-12-30 00:00:00,25901.06634921517,22626.2029241848
GCRN,3,decline,162,2023-01-02 00:00:00,26096.68367515996,22479.722540240535
GCRN,3,decline,163,2023-01-03 00:00:00,25675.64334022299,22160.926465197805
GCRN,3,decline,164,2023-01-04 00:00:00,24675.91460311916,21247.731094913546
GCRN,3,decline,165,2023-01-05 00:00:00,25021.551040851937,22115.76214791311
GCRN,3,decline,166,2023-01-06 00:00:00,24369.336335901407,22144.376537004184
GCRN,3,decline,167,2023-01-07 00:00:00,24248.428980482982,22305.80833207488
GCRN,4,surge,169,2023-01-09 00:00:00,19757.984820895064,18180.08179287033
GCRN,4,surge,170,2023-01-10 00:00:00,19158.13447015791,17776.044713036794
GCRN,4,surge,171,2023-01-11 00:00:00,20043.432839915567,18807.435431669575
GCRN,4,surge,172,2023-01-12 00:00:00,19341.889319178375,18304.02697261849
GCRN,4,surge,173,2023-01-13 00:00:00,19094.24748447095,17913.0591442495
GCRN,4,surge,174,2023-01-14 00:00:00,19260.054362740575,18344.82231115264
GCRN,4,surge,175,2023-01-15 00:00:00,17759.014710077747,16797.70033619057
GCRN,4,surge,176,2023-01-16 00:00:00,16519.866944594716,15542.454616550516
GCRN,4,surge,177,2023-01-17 00:00:00,15342.22197009372,14252.769579880638
GCRN,4,surge,178,2023-01-18 00:00:00,15472.297962269426,14724.77185159762
GCRN,4,surge,179,2023-01-19 00:00:00,14609.182199153951,13568.463746674342
GCRN,4,surge,180,2023-01-20 00:00:00,15568.531629262241,14676.803355705579
GCRN,4,surge,181,2023-01-21 00:00:00,21488.49226190998,17489.143460388896
GCRN,4,surge,182,2023-01-22 00:00:00,21184.87014954508,17109.055840315956
GCRN,4,peak,183,2023-01-23 00:00:00,20820.76049177716,16615.322598120038
GCRN,4,peak,184,2023-01-24 00:00:00,20662.784895634304,16522.956245583504
GCRN,4,peak,185,2023-01-25 00:00:00,21227.040223938675,17317.110263320235
GCRN,4,peak,186,2023-01-26 00:00:00,20857.44841880458,17145.63189668384
GCRN,4,peak,187,2023-01-27 00:00:00,21201.625738920236,17379.872908280933
GCRN,4,peak,188,2023-01-28 00:00:00,20617.84940074097,17064.29830300395
GCRN,4,peak,189,2023-01-29 00:00:00,20418.45928723865,16612.27387672144
GCRN,4,peak,190,2023-01-30 00:00:00,19971.173863976783,15987.941641978576
GCRN,4,peak,191,2023-01-31 00:00:00,19629.934805578196,15581.643793064057
GCRN,4,peak,192,2023-02-01 00:00:00,20935.73046775695,16778.263344285195
GCRN,4,peak,193,2023-02-02 00:00:00,21225.695989442458,17234.715754439625
GCRN,4,peak,194,2023-02-03 00:00:00,33713.95008289852,24126.3768510386
GCRN,4,peak,195,2023-02-04 00:00:00,19619.07911697959,15874.754665520313
GCRN,4,peak,196,2023-02-05 00:00:00,20808.47317970445,16777.70101332104
GCRN,4,peak,197,2023-02-06 00:00:00,22423.859472202534,18028.528895320305
GCRN,4,decline,198,2023-02-07 00:00:00,23254.170835013956,18456.669248738708
GCRN,4,decline,199,2023-02-08 00:00:00,22926.756971142342,18235.783124830206
GCRN,4,decline,200,2023-02-09 00:00:00,25093.796077891417,21075.123941243022
GCRN,4,decline,201,2023-02-10 00:00:00,21682.026840399456,18237.27145594249
GCRN,4,decline,202,2023-02-11 00:00:00,22660.32267656499,19545.971545692064
GCRN,4,decline,203,2023-02-12 00:00:00,23047.96282177637,19333.587933692237
GCRN,4,decline,204,2023-02-13 00:00:00,20125.228783385657,16340.333383636242
GCRN,4,decline,205,2023-02-14 00:00:00,20162.798282065014,17351.392477047364
GCRN,4,decline,206,2023-02-15 00:00:00,15616.171653023286,13857.062070595584
GCRN,4,decline,207,2023-02-16 00:00:00,16807.70615744382,15231.545304251833
GCRN,4,decline,208,2023-02-17 00:00:00,18651.83947963396,16791.34768732462
GCRN,4,decline,209,2023-02-18 00:00:00,13139.667669379509,12438.486962766518
GCRN,4,decline,210,2023-02-19 00:00:00,11962.392170562918,11196.666804598766
GCRN,4,decline,211,2023-02-20 00:00:00,11651.186790272437,10578.138797822092
Persistence,1,surge,0,,10833.907647990853,7582.499814916837
Persistence,1,surge,1,,11284.15194451819,8363.07123850857
Persistence,1,peak,2,,11205.369461964317,8068.999809569211
Persistence,1,peak,3,,11350.750908464746,8444.499804060504
Persistence,1,peak,4,,9843.311433903757,7499.856943473415
Persistence,1,peak,5,,9588.93215629888,7326.928472880399
Persistence,1,peak,6,,8656.166674841023,6702.285509716542
Persistence,1,peak,7,,8711.525803233482,6751.357140306043
Persistence,1,peak,8,,9155.181945951448,7171.714280457292
Persistence,1,peak,9,,9158.154779119921,7224.21427851675
Persistence,1,peak,10,,9168.19583435847,7254.499977757109
Persistence,1,peak,11,,7765.557394755964,6212.4285882967315
Persistence,1,peak,12,,7893.848844638577,6466.857134729787
Persistence,1,peak,13,,8619.697724778565,7282.6428349440175
Persistence,1,peak,14,,8069.286535810112,6680.571412674465
Persistence,1,peak,15,,8985.343930008,7670.999989805903
Persistence,1,peak,16,,8793.741374174811,7250.85714088517
Persistence,1,decline,17,,8352.190556612226,6532.428567911132
Persistence,1,decline,18,,7635.356646598303,5831.571428492904
Persistence,1,decline,19,,7271.965839608522,5393.571429687528
Persistence,1,decline,20,,7291.851937960722,5407.714290921688
Persistence,1,decline,21,,6505.137659813319,4598.357147504551
Persistence,1,decline,22,,7474.591418776381,5521.000006687029
Persistence,1,decline,23,,7441.719592842661,5426.214310696155
Persistence,1,decline,24,,7401.948279503658,5342.214290537833
Persistence,1,decline,25,,7285.9567455236975,5146.9285706798255
Persistence,1,decline,26,,6573.036451914229,4619.35715139075
Persistence,1,decline,27,,6920.978086218038,5003.857148581809
Persistence,1,decline,28,,6147.353040518848,4576.499987827592
Persistence,1,decline,29,,6251.7959038558965,4811.357167627371
Persistence,1,decline,30,,6257.007237355136,4864.57147819747
Persistence,2,surge,34,,6019.191308295228,4544.64290040758
Persistence,2,surge,35,,4862.465659228029,3828.8571921463854
Persistence,2,surge,36,,5143.638084728876,4160.35718957735
Persistence,2,surge,37,,5221.959115314824,4270.214328934574
Persistence,2,surge,38,,5307.224548801311,4387.785755468926
Persistence,2,surge,39,,5559.736713733164,4582.785749781834
Persistence,2,surge,40,,5111.938741950658,4185.714322581572
Persistence,2,surge,41,,4888.423382086704,4043.1429125402697
Persistence,2,surge,42,,4802.2142113208265,3926.642875222679
Persistence,2,surge,43,,4981.6115379511175,4217.285711548393
Persistence,2,surge,44,,5085.570908241613,4425.642859159319
Persistence,2,surge,45,,5148.470831304208,4508.714279590276
Persistence,2,surge,46,,5148.796021532504,4514.4285641810475
Persistence,2,surge,47,,4982.627595747166,4408.499997608823
Persistence,2,peak,48,,4909.157536364504,4283.499991772563
Persistence,2,peak,49,,4585.024549223957,3818.4285636173436
Persistence,2,peak,50,,4539.407066436422,3767.7857112848915
Persistence,2,peak,51,,4387.757436622676,3551.142857012355
Persistence,2,peak,52,,3792.7620395121303,3062.5000041787134
Persistence,2,peak,53,,3701.160005411332,2898.0000040252785
Persistence,2,peak,54,,3233.5341478720397,2493.857151880618
Persistence,2,peak,55,,3449.163790123215,2672.9285781641656
Persistence,2,peak,56,,3413.8138761182713,2648.071440072457
Persistence,2,peak,57,,3299.6040481042014,2524.6428652109093
Persistence,2,peak,58,,3082.181701855828,2253.214292905138
Persistence,2,peak,59,,3117.042654620341,2355.928583063901
Persistence,2,peak,60,,2455.6452028237813,1881.1428739218932
Persistence,2,peak,61,,2508.1610230492142,1935.214302418933
Persistence,2,peak,62,,2832.1556490533626,2283.0000169504137
Persistence,2,decline,63,,2844.7501604884137,2292.3571503047665
Persistence,2,decline,64,,2883.970734778551,2348.500009118493
Persistence,2,decline,65,,2854.6626236544503,2257.142861063629
Persistence,2,decline,66,,2859.922587943506,2271.642867209795
Persistence,2,decline,67,,2844.56584257337,2216.85714340821
Persistence,2,decline,68,,2678.8346298022,2116.857161071568
Persistence,2,decline,69,,2532.333162879878,2022.5000082889485
Persistence,2,decline,70,,2706.2689573944226,2163.5714454181348
Persistence,2,decline,71,,2785.7083761741014,2299.357160547346
Persistence,2,decline,72,,2805.6852874119927,2327.71430044462
Persistence,2,decline,73,,2849.7783696942647,2427.1428568835618
Persistence,2,decline,74,,2893.1141082013,2467.6428550631213
Persistence,2,decline,75,,2820.763353290194,2422.785721224528
Persistence,2,decline,76,,2667.3326347595676,2275.214300330993
Persistence,3,surge,125,,27184.73749768866,21118.428583857614
Persistence,3,surge,126,,27623.81857775967,22023.14286105084
Persistence,3,surge,127,,28440.15697790004,23136.428586249338
Persistence,3,surge,128,,28514.860684784908,23378.285732295106
Persistence,3,surge,129,,28082.442779520097,22650.357139444528
Persistence,3,surge,130,,26881.695124349695,20824.785684142193
Persistence,3,surge,131,,28090.601687017326,22504.92853932135
Persistence,3,surge,132,,31929.57260683904,25628.785692779824
Persistence,3,surge,133,,31528.46066661687,24929.928551667905
Persistence,3,surge,134,,31402.891713136978,24280.92855041372
Persistence,3,surge,135,,30294.95463561143,22328.642837952415
Persistence,3,surge,136,,24457.406367198804,17640.2142822398
Persistence,3,surge,137,,23495.54023855185,17073.214292051234
Persistence,3,surge,138,,23308.09038541975,16769.785721167584
Persistence,3,peak,139,,24354.34709699425,17718.714286909584
Persistence,3,peak,140,,23419.588047144916,16647.928576542494
Persistence,3,peak,141,,23548.687950456788,16895.928571037035
Persistence,3,peak,142,,23388.087314496643,16461.357144605656
Persistence,3,peak,143,,23770.03844756901,17278.71429683145
Persistence,3,peak,144,,24065.109002567566,17492.357166775262
Persistence,3,peak,145,,19932.69353334741,15445.857167497936
Persistence,3,peak,146,,19623.251468512994,14669.928595443203
Persistence,3,peak,147,,19620.060007278604,14616.42859256281
Persistence,3,peak,148,,19727.97557118371,14957.35717243838
Persistence,3,peak,149,,19735.040269524037,15034.500034229419
Persistence,3,peak,150,,17144.41375398531,12635.00002848567
Persistence,3,peak,151,,16864.937848301644,12065.714305805248
Persistence,3,peak,152,,14444.310738405406,10053.714308060666
Persistence,3,peak,153,,14001.306637189791,9200.357148712154
Persistence,3,decline,154,,14073.141983088204,9270.14287534396
Persistence,3,decline,155,,14213.969489612658,9536.000015113965
Persistence,3,decline,156,,14463.971205164285,9733.785729090541
Persistence,3,decline,157,,12293.08923140924,8658.071446222795
Persistence,3,decline,158,,10081.337187340681,7550.714310386003
Persistence,3,decline,159,,10243.438251962965,7891.142881349917
Persistence,3,decline,160,,10277.188894232799,8063.857177249023
Persistence,3,decline,161,,11080.243069413049,8714.928611942396
Persistence,3,decline,162,,11064.878059411092,8608.92861151406
Persistence,3,decline,163,,11300.40070266849,9039.071480879744
Persistence,3,decline,164,,11640.884162650978,9536.785774549684
Persistence,3,decline,165,,11952.948700650733,9998.14291266471
Persistence,3,decline,166,,12146.302369619376,10483.07148960496
Persistence,3,decline,167,,11628.148017499274,9924.571473319362
Persistence,4,surge,169,,10435.985291970488,8803.000047408004
Persistence,4,surge,170,,9592.892943247181,8265.428614862238
Persistence,4,surge,171,,9001.96563777958,7772.285735504853
Persistence,4,surge,172,,8835.665187164788,7489.2857319197
Persistence,4,surge,173,,8923.741375844897,7665.214291886592
Persistence,4,surge,174,,7562.609250868211,6427.071419272427
Persistence,4,surge,175,,7884.736324499339,6964.785716726105
Persistence,4,surge,176,,7515.914106909036,6453.571421720887
Persistence,4,surge,177,,7690.622175260682,6563.357139310812
Persistence,4,surge,178,,7133.719101812094,5989.285701028854
Persistence,4,surge,179,,6848.670746299906,5645.071407964923
Persistence,4,surge,180,,13379.50244167489,8250.214271294139
Persistence,4,surge,181,,26246.545279389487,13666.642638150499
Persistence,4,surge,182,,27406.14943044034,15507.785297436645
Persistence,4,peak,183,,27220.517792767885,14713.142432304408
Persistence,4,peak,184,,27249.185476347855,14806.713874194842
Persistence,4,peak,185,,27235.68937064488,14615.071023549051
Persistence,4,peak,186,,27337.58871500367,14958.999604875467
Persistence,4,peak,187,,27467.69085404372,15644.999616373509
Persistence,4,peak,188,,27386.936793336998,15252.5710333871
Persistence,4,peak,189,,27521.447027314465,15851.285328249927
Persistence,4,peak,190,,27310.301388457974,15065.785325319162
Persistence,4,peak,191,,27829.307582465717,16286.785351075227
Persistence,4,peak,192,,28596.991726728764,17820.85679628627
Persistence,4,peak,193,,26451.99336614653,15829.928226015707
Persistence,4,peak,194,,13569.074905364652,9897.285576773875
Persistence,4,peak,195,,11170.434955741344,8305.857201586801
Persistence,4,peak,196,,11896.006994742167,9342.357195394658
Persistence,4,peak,197,,11654.707818436047,8784.785763797337
Persistence,4,decline,198,,11653.700505399418,8748.214329331166
Persistence,4,decline,199,,11318.038164397161,8103.071467398062
Persistence,4,decline,200,,11032.694037067908,7622.4286044094215
Persistence,4,decline,201,,11151.634754535193,7896.428601963389
Persistence,4,decline,202,,10802.983877399492,7183.785735455755
Persistence,4,decline,203,,11033.294476985247,7664.214312179776
Persistence,4,decline,204,,9626.40108950045,6355.642870720965
Persistence,4,decline,205,,7776.735843396363,5503.785739448821
Persistence,4,decline,206,,6544.6782281309515,4393.071469291356
Persistence,4,decline,207,,6583.444812501594,4490.642880902043
Persistence,4,decline,208,,6584.748739697387,4491.785743371876
Persistence,4,decline,209,,5441.276380281007,3862.2857493251654
Persistence,4,decline,210,,5435.506525563676,3829.785779589671
Persistence,4,decline,211,,5892.035090670962,4432.928605550166
GCLSTM,1,surge,0,2022-07-19 00:00:00,17456.310807594582,16332.894205926252
GCLSTM,1,surge,1,2022-07-20 00:00:00,17961.80497783248,17031.078570521302
GCLSTM,1,peak,2,2022-07-21 00:00:00,18669.970551337938,17731.440054936917
GCLSTM,1,peak,3,2022-07-22 00:00:00,18396.212410450942,17602.128722698326
GCLSTM,1,peak,4,2022-07-23 00:00:00,19425.42373446172,18861.88217896875
GCLSTM,1,peak,5,2022-07-24 00:00:00,18742.154286063767,18003.593877760493
GCLSTM,1,peak,6,2022-07-25 00:00:00,20520.154544157493,19704.0507036503
GCLSTM,1,peak,7,2022-07-26 00:00:00,16032.555834150695,14603.160429772497
GCLSTM,1,peak,8,2022-07-27 00:00:00,15233.422272784315,13900.609944498694
GCLSTM,1,peak,9,2022-07-28 00:00:00,15845.74641288773,14244.414338046132
GCLSTM,1,peak,10,2022-07-29 00:00:00,17047.938874928896,15352.535154254349
GCLSTM,1,peak,11,2022-07-30 00:00:00,18293.32906809858,16466.801373795814
GCLSTM,1,peak,12,2022-07-31 00:00:00,18929.066973683108,17232.687766573174
GCLSTM,1,peak,13,2022-08-01 00:00:00,18896.226495201347,17989.57771443776
GCLSTM,1,peak,14,2022-08-02 00:00:00,18601.10069804494,17840.58353177191
GCLSTM,1,peak,15,2022-08-03 00:00:00,18559.266513675564,17676.397365418023
GCLSTM,1,peak,16,2022-08-04 00:00:00,18671.54450531082,17471.347947518563
GCLSTM,1,decline,17,2022-08-05 00:00:00,20053.906336560285,19047.020392874572
GCLSTM,1,decline,18,2022-08-06 00:00:00,19318.330365329955,18322.46503887021
GCLSTM,1,decline,19,2022-08-07 00:00:00,18708.940654651604,17727.000093721785
GCLSTM,1,decline,20,2022-08-08 00:00:00,18112.263553053075,16746.788644800723
GCLSTM,1,decline,21,2022-08-09 00:00:00,17221.15872859349,16091.409028944205
GCLSTM,1,decline,22,2022-08-10 00:00:00,17513.09160574689,16569.482716535033
GCLSTM,1,decline,23,2022-08-11 00:00:00,17912.98806967808,17104.400737420958
GCLSTM,1,decline,24,2022-08-12 00:00:00,17358.08393770274,16677.649131147948
GCLSTM,1,decline,25,2022-08-13 00:00:00,17393.200089762107,16791.490443886763
GCLSTM,1,decline,26,2022-08-14 00:00:00,17217.313982600088,16764.59669204702
GCLSTM,1,decline,27,2022-08-15 00:00:00,16016.60449293617,15394.361717830256
GCLSTM,1,decline,28,2022-08-16 00:00:00,14345.356731032487,13713.77234216994
GCLSTM,1,decline,29,2022-08-17 00:00:00,14306.86364423677,13685.801315222672
GCLSTM,1,decline,30,2022-08-18 00:00:00,14515.628966483584,13836.203313314023
GCLSTM,2,surge,34,2022-08-22 00:00:00,14714.251080492453,13882.127403509558
GCLSTM,2,surge,35,2022-08-23 00:00:00,13879.567194087429,12891.268981468858
GCLSTM,2,surge,36,2022-08-24 00:00:00,14053.720703694635,13103.185461338931
GCLSTM,2,surge,37,2022-08-25 00:00:00,14910.610486889233,13714.334754975847
GCLSTM,2,surge,38,2022-08-26 00:00:00,16680.33243945654,15362.905505973535
GCLSTM,2,surge,39,2022-08-27 00:00:00,16909.316318247304,15789.886919289474
GCLSTM,2,surge,40,2022-08-28 00:00:00,16673.967932994834,15629.416051625614
GCLSTM,2,surge,41,2022-08-29 00:00:00,15805.407885214867,14674.334160284985
GCLSTM,2,surge,42,2022-08-30 00:00:00,16851.874747354814,15984.021754702435
GCLSTM,2,surge,43,2022-08-31 00:00:00,16614.474132647218,15831.420614528846
GCLSTM,2,surge,44,2022-09-01 00:00:00,16174.569828841119,15529.4202546202
GCLSTM,2,surge,45,2022-09-02 00:00:00,16171.47774018098,15565.158723596416
GCLSTM,2,surge,46,2022-09-03 00:00:00,15786.274567879052,15211.033347854818
GCLSTM,2,surge,47,2022-09-04 00:00:00,16141.691692063097,15551.808377134754
GCLSTM,2,peak,48,2022-09-05 00:00:00,15107.745723245074,14528.253664675667
GCLSTM,2,peak,49,2022-09-06 00:00:00,14938.420927042105,14361.318955707564
GCLSTM,2,peak,50,2022-09-07 00:00:00,15079.532527873582,14582.779318959316
GCLSTM,2,peak,51,2022-09-08 00:00:00,14638.068054800064,13984.971343989222
GCLSTM,2,peak,52,2022-09-09 00:00:00,13558.56286607259,12734.606200534941
GCLSTM,2,peak,53,2022-09-10 00:00:00,13889.875762129865,13141.439120427376
GCLSTM,2,peak,54,2022-09-11 00:00:00,13978.58808238415,13323.562553621261
GCLSTM,2,peak,55,2022-09-12 00:00:00,13674.732287738927,12856.654054645653
GCLSTM,2,peak,56,2022-09-13 00:00:00,13145.492007945651,12282.935114333912
GCLSTM,2,peak,57,2022-09-14 00:00:00,13112.240992238696,12257.002924203287
GCLSTM,2,peak,58,2022-09-15 00:00:00,13909.289741333292,13297.885799751317
GCLSTM,2,peak,59,2022-09-16 00:00:00,13859.387726348263,13372.757303573886
GCLSTM,2,peak,60,2022-09-17 00:00:00,13918.142363781348,13553.564308507786
GCLSTM,2,peak,61,2022-09-18 00:00:00,12850.419015036749,12409.236772135793
GCLSTM,2,peak,62,2022-09-19 00:00:00,13029.122980701524,12484.425136064923
GCLSTM,2,decline,63,2022-09-20 00:00:00,12867.044336671837,12303.608897686421
GCLSTM,2,decline,64,2022-09-21 00:00:00,12674.807354403809,12101.210682497966
GCLSTM,2,decline,65,2022-09-22 00:00:00,12499.94750313028,11874.268721026887
GCLSTM,2,decline,66,2022-09-23 00:00:00,12553.229095404744,11994.875008347784
GCLSTM,2,decline,67,2022-09-24 00:00:00,12514.808079008992,11976.271609962121
GCLSTM,2,decline,68,2022-09-25 00:00:00,12774.104272976427,12203.644925930228
GCLSTM,2,decline,69,2022-09-26 00:00:00,12427.699032750696,11648.29884037725
GCLSTM,2,decline,70,2022-09-27 00:00:00,12532.96006806616,11784.32024435711
GCLSTM,2,decline,71,2022-09-28 00:00:00,12555.940325379202,11848.576157779737
GCLSTM,2,decline,72,2022-09-29 00:00:00,12741.380208080383,11977.045785635144
GCLSTM,2,decline,73,2022-09-30 00:00:00,13528.495222390582,12738.582351215851
GCLSTM,2,decline,74,2022-10-01 00:00:00,13780.008122867139,13112.768144094587
GCLSTM,2,decline,75,2022-10-02 00:00:00,13993.246277343083,13301.726048697863
GCLSTM,2,decline,76,2022-10-03 00:00:00,13441.40827575637,12635.119061377238
GCLSTM,3,surge,125,2022-11-21 00:00:00,16267.776134139574,12300.396848557071
GCLSTM,3,surge,126,2022-11-22 00:00:00,16174.69827736165,12362.332507321897
GCLSTM,3,surge,127,2022-11-23 00:00:00,17378.68305665957,13831.755670162865
GCLSTM,3,surge,128,2022-11-24 00:00:00,17311.61423539684,13798.99969464004
GCLSTM,3,surge,129,2022-11-25 00:00:00,17435.757582494938,13989.463527574888
GCLSTM,3,surge,130,2022-11-26 00:00:00,16780.1496974341,13576.853300476067
GCLSTM,3,surge,131,2022-11-27 00:00:00,18072.595798109756,14429.878330976731
GCLSTM,3,surge,132,2022-11-28 00:00:00,19806.727617667977,15276.765441326308
GCLSTM,3,surge,133,2022-11-29 00:00:00,20546.996776141616,16372.019142255045
GCLSTM,3,surge,134,2022-11-30 00:00:00,19567.388560452524,15283.764609036309
GCLSTM,3,surge,135,2022-12-01 00:00:00,19985.187060329692,16058.723084161784
GCLSTM,3,surge,136,2022-12-02 00:00:00,20853.424162960124,17031.510991004343
GCLSTM,3,surge,137,2022-12-03 00:00:00,17264.926804712297,14323.207062323216
GCLSTM,3,surge,138,2022-12-04 00:00:00,19215.561163119262,16392.444948144905
GCLSTM,3,peak,139,2022-12-05 00:00:00,19423.31719214192,16234.811270745548
GCLSTM,3,peak,140,2022-12-06 00:00:00,20144.15848828679,17676.560561153467
GCLSTM,3,peak,141,2022-12-07 00:00:00,18735.214926872566,15641.294176629783
GCLSTM,3,peak,142,2022-12-08 00:00:00,18488.61536264186,14999.518061394872
GCLSTM,3,peak,143,2022-12-10 00:00:00,19153.980331319843,16202.183620909645
GCLSTM,3,peak,144,2022-12-11 00:00:00,19635.774384639062,17232.750959164143
GCLSTM,3,peak,145,2022-12-12 00:00:00,18748.158414146623,16065.05332576128
GCLSTM,3,peak,146,2022-12-13 00:00:00,14788.55123045615,12786.802732187289
GCLSTM,3,peak,147,2022-12-14 00:00:00,14205.413836253101,12051.039738299649
GCLSTM,3,peak,148,2022-12-15 00:00:00,16288.332961144195,14033.54158100029
GCLSTM,3,peak,149,2022-12-16 00:00:00,18367.76095090342,16045.992534093735
GCLSTM,3,peak,150,2022-12-17 00:00:00,19484.16438192786,16999.20881155069
GCLSTM,3,peak,151,2022-12-18 00:00:00,17966.19394219319,15494.737267135335
GCLSTM,3,peak,152,2022-12-19 00:00:00,15466.48211183579,12768.873925713164
GCLSTM,3,peak,153,2022-12-20 00:00:00,16081.350651454239,13652.86648074879
GCLSTM,3,decline,154,2022-12-21 00:00:00,20199.323283776987,16713.865853818003
GCLSTM,3,decline,155,2022-12-22 00:00:00,24058.88818074395,19084.39809930574
GCLSTM,3,decline,156,2022-12-23 00:00:00,25451.033036843,21101.361016888146
GCLSTM,3,decline,157,2022-12-26 00:00:00,24453.609519002806,19750.53010204341
GCLSTM,3,decline,158,2022-12-27 00:00:00,24539.681247481112,20354.443954127582
GCLSTM,3,decline,159,2022-12-28 00:00:00,24550.115586732576,21221.04914201552
GCLSTM,3,decline,160,2022-12-29 00:00:00,24979.44833031222,22178.827698067067
GCLSTM,3,decline,161,2022-12-30 00:00:00,26632.05631703992,23482.334123916975
GCLSTM,3,decline,162,2023-01-02 00:00:00,26801.893882290715,23356.88168102025
GCLSTM,3,decline,163,2023-01-03 00:00:00,26451.640626699882,23075.190011216066
GCLSTM,3,decline,164,2023-01-04 00:00:00,25398.766879937804,21919.965961777427
GCLSTM,3,decline,165,2023-01-05 00:00:00,25691.50391556724,22844.611565685158
GCLSTM,3,decline,166,2023-01-06 00:00:00,24988.680474423207,22756.60625609339
GCLSTM,3,decline,167,2023-01-07 00:00:00,24883.922988249393,22971.81039715827
GCLSTM,4,surge,169,2023-01-09 00:00:00,20191.28776240099,18643.21606696174
GCLSTM,4,surge,170,2023-01-10 00:00:00,19860.22519479925,18447.581678517065
GCLSTM,4,surge,171,2023-01-11 00:00:00,20763.32009367875,19591.67749971066
GCLSTM,4,surge,172,2023-01-12 00:00:00,20163.49419950582,19160.356935051554
GCLSTM,4,surge,173,2023-01-13 00:00:00,19901.58432090062,18818.564089930263
GCLSTM,4,surge,174,2023-01-14 00:00:00,20127.29471488702,19280.767190962615
GCLSTM,4,surge,175,2023-01-15 00:00:00,18530.29386829383,17633.50382551598
GCLSTM,4,surge,176,2023-01-16 00:00:00,17295.492201650042,16348.036660362339
GCLSTM,4,surge,177,2023-01-17 00:00:00,16208.833973975437,15173.765439444865
GCLSTM,4,surge,178,2023-01-18 00:00:00,16454.00755516209,15724.630482172555
GCLSTM,4,surge,179,2023-01-19 00:00:00,15506.895098302364,14568.161104817873
GCLSTM,4,surge,180,2023-01-20 00:00:00,16381.987317710687,15641.0767996355
GCLSTM,4,surge,181,2023-01-21 00:00:00,22185.476774611976,18425.5667015325
GCLSTM,4,surge,182,2023-01-22 00:00:00,21746.31194483078,17940.7842332483
GCLSTM,4,peak,183,2023-01-23 00:00:00,21312.766975683633,17321.52322886299
GCLSTM,4,peak,184,2023-01-24 00:00:00,21344.439106279737,17378.343901040953
GCLSTM,4,peak,185,2023-01-25 00:00:00,21732.6984455297,18125.8992552193
GCLSTM,4,peak,186,2023-01-26 00:00:00,21547.4977866103,18073.805997617095
GCLSTM,4,peak,187,2023-01-27 00:00:00,21640.499100152127,18151.721659394945
GCLSTM,4,peak,188,2023-01-28 00:00:00,21242.29352099847,17905.74822680728
GCLSTM,4,peak,189,2023-01-29 00:00:00,20838.048271399013,17301.493052945876
GCLSTM,4,peak,190,2023-01-30 00:00:00,20481.932892042358,16709.743591681145
GCLSTM,4,peak,191,2023-01-31 00:00:00,20124.911935517637,16391.90094655169
GCLSTM,4,peak,192,2023-02-01 00:00:00,21532.000797126802,17642.074226286157
GCLSTM,4,peak,193,2023-02-02 00:00:00,21576.042420585974,17977.77290954944
GCLSTM,4,peak,194,2023-02-03 00:00:00,30864.927507308323,24442.989050426673
GCLSTM,4,peak,195,2023-02-04 00:00:00,19095.601983674387,16537.44928440422
GCLSTM,4,peak,196,2023-02-05 00:00:00,20550.986228975795,18047.03919212767
GCLSTM,4,peak,197,2023-02-06 00:00:00,21123.384523374265,18693.34038059845
GCLSTM,4,decline,198,2023-02-07 00:00:00,21655.761638361164,19378.904966084683
GCLSTM,4,decline,199,2023-02-08 00:00:00,23612.90691564414,20274.841733330653
GCLSTM,4,decline,200,2023-02-09 00:00:00,23957.459206579413,21438.021116247728
GCLSTM,4,decline,201,2023-02-10 00:00:00,23485.094540568592,20164.57080800349
GCLSTM,4,decline,202,2023-02-11 00:00:00,19286.620861702373,15660.040790841276
GCLSTM,4,decline,203,2023-02-12 00:00:00,19146.681104931304,16315.100244207957
GCLSTM,4,decline,204,2023-02-13 00:00:00,19708.307980896825,16980.563951242806
GCLSTM,4,decline,205,2023-02-14 00:00:00,20265.808344545327,17836.349212688532
GCLSTM,4,decline,206,2023-02-15 00:00:00,16026.67634497937,14287.312434968155
GCLSTM,4,decline,207,2023-02-16 00:00:00,15471.378143666549,13805.646417796836
GCLSTM,4,decline,208,2023-02-17 00:00:00,18402.14832008288,16882.933860056328
GCLSTM,4,decline,209,2023-02-18 00:00:00,13915.296051016176,13276.337721371132
GCLSTM,4,decline,210,2023-02-19 00:00:00,12697.954071313488,12003.164292485639
GCLSTM,4,decline,211,2023-02-20 00:00:00,12397.741993749987,11388.313048527123
Persistence,1,surge,0,,10833.907647990853,7582.499814916837
Persistence,1,surge,1,,11284.15194451819,8363.07123850857
Persistence,1,peak,2,,11205.369461964317,8068.999809569211
Persistence,1,peak,3,,11350.750908464746,8444.499804060504
Persistence,1,peak,4,,9843.311433903757,7499.856943473415
Persistence,1,peak,5,,9588.93215629888,7326.928472880399
Persistence,1,peak,6,,8656.166674841023,6702.285509716542
Persistence,1,peak,7,,8711.525803233482,6751.357140306043
Persistence,1,peak,8,,9155.181945951448,7171.714280457292
Persistence,1,peak,9,,9158.154779119921,7224.21427851675
Persistence,1,peak,10,,9168.19583435847,7254.499977757109
Persistence,1,peak,11,,7765.557394755964,6212.4285882967315
Persistence,1,peak,12,,7893.848844638577,6466.857134729787
Persistence,1,peak,13,,8619.697724778565,7282.6428349440175
Persistence,1,peak,14,,8069.286535810112,6680.571412674465
Persistence,1,peak,15,,8985.343930008,7670.999989805903
Persistence,1,peak,16,,8793.741374174811,7250.85714088517
Persistence,1,decline,17,,8352.190556612226,6532.428567911132
Persistence,1,decline,18,,7635.356646598303,5831.571428492904
Persistence,1,decline,19,,7271.965839608522,5393.571429687528
Persistence,1,decline,20,,7291.851937960722,5407.714290921688
Persistence,1,decline,21,,6505.137659813319,4598.357147504551
Persistence,1,decline,22,,7474.591418776381,5521.000006687029
Persistence,1,decline,23,,7441.719592842661,5426.214310696155
Persistence,1,decline,24,,7401.948279503658,5342.214290537833
Persistence,1,decline,25,,7285.9567455236975,5146.9285706798255
Persistence,1,decline,26,,6573.036451914229,4619.35715139075
Persistence,1,decline,27,,6920.978086218038,5003.857148581809
Persistence,1,decline,28,,6147.353040518848,4576.499987827592
Persistence,1,decline,29,,6251.7959038558965,4811.357167627371
Persistence,1,decline,30,,6257.007237355136,4864.57147819747
Persistence,2,surge,34,,6019.191308295228,4544.64290040758
Persistence,2,surge,35,,4862.465659228029,3828.8571921463854
Persistence,2,surge,36,,5143.638084728876,4160.35718957735
Persistence,2,surge,37,,5221.959115314824,4270.214328934574
Persistence,2,surge,38,,5307.224548801311,4387.785755468926
Persistence,2,surge,39,,5559.736713733164,4582.785749781834
Persistence,2,surge,40,,5111.938741950658,4185.714322581572
Persistence,2,surge,41,,4888.423382086704,4043.1429125402697
Persistence,2,surge,42,,4802.2142113208265,3926.642875222679
Persistence,2,surge,43,,4981.6115379511175,4217.285711548393
Persistence,2,surge,44,,5085.570908241613,4425.642859159319
Persistence,2,surge,45,,5148.470831304208,4508.714279590276
Persistence,2,surge,46,,5148.796021532504,4514.4285641810475
Persistence,2,surge,47,,4982.627595747166,4408.499997608823
Persistence,2,peak,48,,4909.157536364504,4283.499991772563
Persistence,2,peak,49,,4585.024549223957,3818.4285636173436
Persistence,2,peak,50,,4539.407066436422,3767.7857112848915
Persistence,2,peak,51,,4387.757436622676,3551.142857012355
Persistence,2,peak,52,,3792.7620395121303,3062.5000041787134
Persistence,2,peak,53,,3701.160005411332,2898.0000040252785
Persistence,2,peak,54,,3233.5341478720397,2493.857151880618
Persistence,2,peak,55,,3449.163790123215,2672.9285781641656
Persistence,2,peak,56,,3413.8138761182713,2648.071440072457
Persistence,2,peak,57,,3299.6040481042014,2524.6428652109093
Persistence,2,peak,58,,3082.181701855828,2253.214292905138
Persistence,2,peak,59,,3117.042654620341,2355.928583063901
Persistence,2,peak,60,,2455.6452028237813,1881.1428739218932
Persistence,2,peak,61,,2508.1610230492142,1935.214302418933
Persistence,2,peak,62,,2832.1556490533626,2283.0000169504137
Persistence,2,decline,63,,2844.7501604884137,2292.3571503047665
Persistence,2,decline,64,,2883.970734778551,2348.500009118493
Persistence,2,decline,65,,2854.6626236544503,2257.142861063629
Persistence,2,decline,66,,2859.922587943506,2271.642867209795
Persistence,2,decline,67,,2844.56584257337,2216.85714340821
Persistence,2,decline,68,,2678.8346298022,2116.857161071568
Persistence,2,decline,69,,2532.333162879878,2022.5000082889485
Persistence,2,decline,70,,2706.2689573944226,2163.5714454181348
Persistence,2,decline,71,,2785.7083761741014,2299.357160547346
Persistence,2,decline,72,,2805.6852874119927,2327.71430044462
Persistence,2,decline,73,,2849.7783696942647,2427.1428568835618
Persistence,2,decline,74,,2893.1141082013,2467.6428550631213
Persistence,2,decline,75,,2820.763353290194,2422.785721224528
Persistence,2,decline,76,,2667.3326347595676,2275.214300330993
Persistence,3,surge,125,,27184.73749768866,21118.428583857614
Persistence,3,surge,126,,27623.81857775967,22023.14286105084
Persistence,3,surge,127,,28440.15697790004,23136.428586249338
Persistence,3,surge,128,,28514.860684784908,23378.285732295106
Persistence,3,surge,129,,28082.442779520097,22650.357139444528
Persistence,3,surge,130,,26881.695124349695,20824.785684142193
Persistence,3,surge,131,,28090.601687017326,22504.92853932135
Persistence,3,surge,132,,31929.57260683904,25628.785692779824
Persistence,3,surge,133,,31528.46066661687,24929.928551667905
Persistence,3,surge,134,,31402.891713136978,24280.92855041372
Persistence,3,surge,135,,30294.95463561143,22328.642837952415
Persistence,3,surge,136,,24457.406367198804,17640.2142822398
Persistence,3,surge,137,,23495.54023855185,17073.214292051234
Persistence,3,surge,138,,23308.09038541975,16769.785721167584
Persistence,3,peak,139,,24354.34709699425,17718.714286909584
Persistence,3,peak,140,,23419.588047144916,16647.928576542494
Persistence,3,peak,141,,23548.687950456788,16895.928571037035
Persistence,3,peak,142,,23388.087314496643,16461.357144605656
Persistence,3,peak,143,,23770.03844756901,17278.71429683145
Persistence,3,peak,144,,24065.109002567566,17492.357166775262
Persistence,3,peak,145,,19932.69353334741,15445.857167497936
Persistence,3,peak,146,,19623.251468512994,14669.928595443203
Persistence,3,peak,147,,19620.060007278604,14616.42859256281
Persistence,3,peak,148,,19727.97557118371,14957.35717243838
Persistence,3,peak,149,,19735.040269524037,15034.500034229419
Persistence,3,peak,150,,17144.41375398531,12635.00002848567
Persistence,3,peak,151,,16864.937848301644,12065.714305805248
Persistence,3,peak,152,,14444.310738405406,10053.714308060666
Persistence,3,peak,153,,14001.306637189791,9200.357148712154
Persistence,3,decline,154,,14073.141983088204,9270.14287534396
Persistence,3,decline,155,,14213.969489612658,9536.000015113965
Persistence,3,decline,156,,14463.971205164285,9733.785729090541
Persistence,3,decline,157,,12293.08923140924,8658.071446222795
Persistence,3,decline,158,,10081.337187340681,7550.714310386003
Persistence,3,decline,159,,10243.438251962965,7891.142881349917
Persistence,3,decline,160,,10277.188894232799,8063.857177249023
Persistence,3,decline,161,,11080.243069413049,8714.928611942396
Persistence,3,decline,162,,11064.878059411092,8608.92861151406
Persistence,3,decline,163,,11300.40070266849,9039.071480879744
Persistence,3,decline,164,,11640.884162650978,9536.785774549684
Persistence,3,decline,165,,11952.948700650733,9998.14291266471
Persistence,3,decline,166,,12146.302369619376,10483.07148960496
Persistence,3,decline,167,,11628.148017499274,9924.571473319362
Persistence,4,surge,169,,10435.985291970488,8803.000047408004
Persistence,4,surge,170,,9592.892943247181,8265.428614862238
Persistence,4,surge,171,,9001.96563777958,7772.285735504853
Persistence,4,surge,172,,8835.665187164788,7489.2857319197
Persistence,4,surge,173,,8923.741375844897,7665.214291886592
Persistence,4,surge,174,,7562.609250868211,6427.071419272427
Persistence,4,surge,175,,7884.736324499339,6964.785716726105
Persistence,4,surge,176,,7515.914106909036,6453.571421720887
Persistence,4,surge,177,,7690.622175260682,6563.357139310812
Persistence,4,surge,178,,7133.719101812094,5989.285701028854
Persistence,4,surge,179,,6848.670746299906,5645.071407964923
Persistence,4,surge,180,,13379.50244167489,8250.214271294139
Persistence,4,surge,181,,26246.545279389487,13666.642638150499
Persistence,4,surge,182,,27406.14943044034,15507.785297436645
Persistence,4,peak,183,,27220.517792767885,14713.142432304408
Persistence,4,peak,184,,27249.185476347855,14806.713874194842
Persistence,4,peak,185,,27235.68937064488,14615.071023549051
Persistence,4,peak,186,,27337.58871500367,14958.999604875467
Persistence,4,peak,187,,27467.69085404372,15644.999616373509
Persistence,4,peak,188,,27386.936793336998,15252.5710333871
Persistence,4,peak,189,,27521.447027314465,15851.285328249927
Persistence,4,peak,190,,27310.301388457974,15065.785325319162
Persistence,4,peak,191,,27829.307582465717,16286.785351075227
Persistence,4,peak,192,,28596.991726728764,17820.85679628627
Persistence,4,peak,193,,26451.99336614653,15829.928226015707
Persistence,4,peak,194,,13569.074905364652,9897.285576773875
Persistence,4,peak,195,,11170.434955741344,8305.857201586801
Persistence,4,peak,196,,11896.006994742167,9342.357195394658
Persistence,4,peak,197,,11654.707818436047,8784.785763797337
Persistence,4,decline,198,,11653.700505399418,8748.214329331166
Persistence,4,decline,199,,11318.038164397161,8103.071467398062
Persistence,4,decline,200,,11032.694037067908,7622.4286044094215
Persistence,4,decline,201,,11151.634754535193,7896.428601963389
Persistence,4,decline,202,,10802.983877399492,7183.785735455755
Persistence,4,decline,203,,11033.294476985247,7664.214312179776
Persistence,4,decline,204,,9626.40108950045,6355.642870720965
Persistence,4,decline,205,,7776.735843396363,5503.785739448821
Persistence,4,decline,206,,6544.6782281309515,4393.071469291356
Persistence,4,decline,207,,6583.444812501594,4490.642880902043
Persistence,4,decline,208,,6584.748739697387,4491.785743371876
Persistence,4,decline,209,,5441.276380281007,3862.2857493251654
Persistence,4,decline,210,,5435.506525563676,3829.785779589671
Persistence,4,decline,211,,5892.035090670962,4432.928605550166
LSTM,1,surge,0,2022-07-19 00:00:00,46236.286917019504,45956.23386556557
LSTM,1,surge,1,2022-07-20 00:00:00,47433.92405495491,47179.84295819169
LSTM,1,peak,2,2022-07-21 00:00:00,48109.042905367394,47825.700923264085
LSTM,1,peak,3,2022-07-22 00:00:00,47191.098436133056,46942.44934489504
LSTM,1,peak,4,2022-07-23 00:00:00,47589.42457692945,47409.86829022605
LSTM,1,peak,5,2022-07-24 00:00:00,46502.28017632889,46366.72342139015
LSTM,1,peak,6,2022-07-25 00:00:00,51078.025799343384,50935.56927271115
LSTM,1,peak,7,2022-07-26 00:00:00,45994.3326709732,45719.65076365979
LSTM,1,peak,8,2022-07-27 00:00:00,43692.29611872582,43369.232681698646
LSTM,1,peak,9,2022-07-28 00:00:00,43676.589136663366,43308.44104959496
LSTM,1,peak,10,2022-07-29 00:00:00,44451.10177589156,44047.77061579499
LSTM,1,peak,11,2022-07-30 00:00:00,45068.13016749523,44750.896445170234
LSTM,1,peak,12,2022-07-31 00:00:00,44730.20295794926,44496.355811788664
LSTM,1,peak,13,2022-08-01 00:00:00,44479.10003475746,44322.256752607595
LSTM,1,peak,14,2022-08-02 00:00:00,44571.52948139645,44427.03417036064
LSTM,1,peak,15,2022-08-03 00:00:00,44910.08257037007,44733.497910290185
LSTM,1,peak,16,2022-08-04 00:00:00,45256.02254734575,44964.19187724419
LSTM,1,decline,17,2022-08-05 00:00:00,46736.00089361673,46426.44494485645
LSTM,1,decline,18,2022-08-06 00:00:00,46844.58565500828,46545.32862142038
LSTM,1,decline,19,2022-08-07 00:00:00,45850.338927269346,45576.5242468306
LSTM,1,decline,20,2022-08-08 00:00:00,45328.91983559784,45111.003337813614
LSTM,1,decline,21,2022-08-09 00:00:00,43896.20954683605,43746.66489871663
LSTM,1,decline,22,2022-08-10 00:00:00,44685.45768164786,44583.52548504097
LSTM,1,decline,23,2022-08-11 00:00:00,45370.80355190745,45268.30762870558
LSTM,1,decline,24,2022-08-12 00:00:00,44898.13928848183,44809.59161334109
LSTM,1,decline,25,2022-08-13 00:00:00,44708.24470719327,44584.844613133246
LSTM,1,decline,26,2022-08-14 00:00:00,44688.36166623667,44546.17525224353
LSTM,1,decline,27,2022-08-15 00:00:00,43370.278262718384,43231.094236588026
LSTM,1,decline,28,2022-08-16 00:00:00,41861.19464695655,41778.66113369638
LSTM,1,decline,29,2022-08-17 00:00:00,42246.42108106152,42167.31329089862
LSTM,1,decline,30,2022-08-18 00:00:00,42521.25983635582,42430.84913019237
LSTM,2,surge,34,2022-08-22 00:00:00,42427.873004199595,42288.442596878085
LSTM,2,surge,35,2022-08-23 00:00:00,41532.10816591024,41413.25960531786
LSTM,2,surge,36,2022-08-24 00:00:00,42091.22374595591,41977.00448988805
LSTM,2,surge,37,2022-08-25 00:00:00,42955.90035160223,42771.32471143935
LSTM,2,surge,38,2022-08-26 00:00:00,44534.78424401863,44229.41397690553
LSTM,2,surge,39,2022-08-27 00:00:00,44810.94924205035,44541.313196535695
LSTM,2,surge,40,2022-08-28 00:00:00,44587.29290023242,44367.08114480572
LSTM,2,surge,41,2022-08-29 00:00:00,43667.29545142551,43491.84977404236
LSTM,2,surge,42,2022-08-30 00:00:00,44584.45041890901,44421.36030406914
LSTM,2,surge,43,2022-08-31 00:00:00,44936.306593876136,44760.90450219856
LSTM,2,surge,44,2022-09-01 00:00:00,44705.34568863918,44550.0550721042
LSTM,2,surge,45,2022-09-02 00:00:00,44706.20550264378,44564.970743354424
LSTM,2,surge,46,2022-09-03 00:00:00,44355.52141489965,44214.18966382746
LSTM,2,surge,47,2022-09-04 00:00:00,44749.83734995157,44600.241014411346
LSTM,2,peak,48,2022-09-05 00:00:00,43706.65026325978,43617.04104647368
LSTM,2,peak,49,2022-09-06 00:00:00,43413.770351550294,43319.67473815347
LSTM,2,peak,50,2022-09-07 00:00:00,43880.4957779699,43770.09390278972
LSTM,2,peak,51,2022-09-08 00:00:00,43524.34054485008,43393.94850201085
LSTM,2,peak,52,2022-09-09 00:00:00,42159.36042226302,42052.592961618306
LSTM,2,peak,53,2022-09-10 00:00:00,42545.226732924224,42413.09821087838
LSTM,2,peak,54,2022-09-11 00:00:00,42863.38456239008,42721.44800350177
LSTM,2,peak,55,2022-09-12 00:00:00,42392.043712926505,42244.31455331931
LSTM,2,peak,56,2022-09-13 00:00:00,41969.29031685389,41869.939861025414
LSTM,2,peak,57,2022-09-14 00:00:00,42185.7950300089,42111.45591706486
LSTM,2,peak,58,2022-09-15 00:00:00,43114.51079622207,43062.133756033094
LSTM,2,peak,59,2022-09-16 00:00:00,43151.66093063723,43091.97592331319
LSTM,2,peak,60,2022-09-17 00:00:00,43396.47440644472,43329.35102263456
LSTM,2,peak,61,2022-09-18 00:00:00,42477.00993975378,42422.98324009245
LSTM,2,peak,62,2022-09-19 00:00:00,42556.426890305775,42475.08134444783
LSTM,2,decline,63,2022-09-20 00:00:00,42321.82356958199,42249.46148440548
LSTM,2,decline,64,2022-09-21 00:00:00,42312.86989941877,42261.72661324876
LSTM,2,decline,65,2022-09-22 00:00:00,42147.45401059776,42108.954173400925
LSTM,2,decline,66,2022-09-23 00:00:00,42245.073776572965,42194.256574410996
LSTM,2,decline,67,2022-09-24 00:00:00,42235.7393312357,42153.72681519742
LSTM,2,decline,68,2022-09-25 00:00:00,42482.50923550969,42381.91661465311
LSTM,2,decline,69,2022-09-26 00:00:00,42030.337577373015,41926.99590665709
LSTM,2,decline,70,2022-09-27 00:00:00,42078.14545331173,41992.08575584765
LSTM,2,decline,71,2022-09-28 00:00:00,42275.18333032408,42215.246170619976
LSTM,2,decline,72,2022-09-29 00:00:00,42348.40548089563,42292.87860903532
LSTM,2,decline,73,2022-09-30 00:00:00,43054.50232750728,42962.09879801952
LSTM,2,decline,74,2022-10-01 00:00:00,43473.661984285456,43369.430306888586
LSTM,2,decline,75,2022-10-02 00:00:00,43777.356047984395,43652.062909405904
LSTM,2,decline,76,2022-10-03 00:00:00,43151.93590189698,43052.109234277756
LSTM,3,surge,125,2022-11-21 00:00:00,32620.588130089396,29976.10460968414
LSTM,3,surge,126,2022-11-22 00:00:00,33599.146939670674,31082.42603231101
LSTM,3,surge,127,2022-11-23 00:00:00,32230.885174649273,28463.671174992265
LSTM,3,surge,128,2022-11-24 00:00:00,32669.77654217906,28503.364474890306
LSTM,3,surge,129,2022-11-25 00:00:00,32638.912021016993,28295.01420718013
LSTM,3,surge,130,2022-11-26 00:00:00,35783.29663601146,31422.210750240945
LSTM,3,surge,131,2022-11-27 00:00:00,36239.45696226905,31651.701819372458
LSTM,3,surge,132,2022-11-28 00:00:00,32011.447616496796,27608.691505906365
LSTM,3,surge,133,2022-11-29 00:00:00,31009.162888473762,26195.98336834609
LSTM,3,surge,134,2022-11-30 00:00:00,32465.201652970507,27444.485112042104
LSTM,3,surge,135,2022-12-01 00:00:00,32010.825541377595,26063.86104751557
LSTM,3,surge,136,2022-12-02 00:00:00,24391.725731979073,19048.158468101534
LSTM,3,surge,137,2022-12-03 00:00:00,30323.572118030024,25199.51771932888
LSTM,3,surge,138,2022-12-04 00:00:00,32639.387620426798,26907.63052752917
LSTM,3,peak,139,2022-12-05 00:00:00,28478.61855048731,23406.974666949136
LSTM,3,peak,140,2022-12-06 00:00:00,27302.15491267217,21659.84673072942
LSTM,3,peak,141,2022-12-07 00:00:00,30413.852021812876,25834.146911957134
LSTM,3,peak,142,2022-12-08 00:00:00,32393.23607277041,27623.41894331691
LSTM,3,peak,143,2022-12-10 00:00:00,32982.12815132335,27698.28127391004
LSTM,3,peak,144,2022-12-11 00:00:00,31926.200416183143,26178.09166351506
LSTM,3,peak,145,2022-12-12 00:00:00,26218.422375048576,21677.335082096866
LSTM,3,peak,146,2022-12-13 00:00:00,29886.158907482728,26514.797185215888
LSTM,3,peak,147,2022-12-14 00:00:00,32722.693209346122,29982.433611585544
LSTM,3,peak,148,2022-12-15 00:00:00,35996.13561861243,33301.7740568657
LSTM,3,peak,149,2022-12-16 00:00:00,40045.341636902485,37572.567875536006
LSTM,3,peak,150,2022-12-17 00:00:00,43917.80188437115,41632.27255768886
LSTM,3,peak,151,2022-12-18 00:00:00,40718.63655864979,38488.29591444421
LSTM,3,peak,152,2022-12-19 00:00:00,37073.07592505911,34793.59665006811
LSTM,3,peak,153,2022-12-20 00:00:00,38743.199850676596,36334.412566502775
LSTM,3,decline,154,2022-12-21 00:00:00,43588.60584839691,40547.32516133047
LSTM,3,decline,155,2022-12-22 00:00:00,46226.22628487324,42465.96022174269
LSTM,3,decline,156,2022-12-23 00:00:00,47544.74048915347,44043.525546337594
LSTM,3,decline,157,2022-12-26 00:00:00,46066.3396302302,42530.47345973511
LSTM,3,decline,158,2022-12-27 00:00:00,49812.6670641991,47878.248698573596
LSTM,3,decline,159,2022-12-28 00:00:00,51641.320566080256,50014.10798337662
LSTM,3,decline,160,2022-12-29 00:00:00,52427.28931600031,50828.68135518728
LSTM,3,decline,161,2022-12-30 00:00:00,53801.71656855911,52233.03376231251
LSTM,3,decline,162,2023-01-02 00:00:00,53024.5282413786,51617.89910740819
LSTM,3,decline,163,2023-01-03 00:00:00,52035.746575853496,50802.77214561008
LSTM,3,decline,164,2023-01-04 00:00:00,50858.53298807051,49509.3565331131
LSTM,3,decline,165,2023-01-05 00:00:00,51961.24334468704,50721.66288967434
LSTM,3,decline,166,2023-01-06 00:00:00,52287.7478429346,50890.965570272005
LSTM,3,decline,167,2023-01-07 00:00:00,52308.93378212442,50830.41117503868
LSTM,4,surge,169,2023-01-09 00:00:00,46451.102711884145,45855.907693954665
LSTM,4,surge,170,2023-01-10 00:00:00,45891.00030035283,45333.74002086347
LSTM,4,surge,171,2023-01-11 00:00:00,48084.15205847044,47847.55792294862
LSTM,4,surge,172,2023-01-12 00:00:00,48001.1171999346,47683.344402595285
LSTM,4,surge,173,2023-01-13 00:00:00,47789.866972749776,47336.73990497769
LSTM,4,surge,174,2023-01-14 00:00:00,48158.06924695136,47732.17452362995
LSTM,4,surge,175,2023-01-15 00:00:00,46313.32741033687,46028.557029024734
LSTM,4,surge,176,2023-01-16 00:00:00,44829.83768281227,44675.78602907999
LSTM,4,surge,177,2023-01-17 00:00:00,43966.92389262323,43801.81720992254
LSTM,4,surge,178,2023-01-18 00:00:00,44666.18935699882,44506.15977287398
LSTM,4,surge,179,2023-01-19 00:00:00,43480.280790192955,43279.00880185893
LSTM,4,surge,180,2023-01-20 00:00:00,42211.192318300986,40658.96439635947
LSTM,4,surge,181,2023-01-21 00:00:00,46348.23285436515,43330.835255582075
LSTM,4,surge,182,2023-01-22 00:00:00,45667.19225204422,42824.61947650062
LSTM,4,peak,183,2023-01-23 00:00:00,44770.92700703578,42191.96397699173
LSTM,4,peak,184,2023-01-24 00:00:00,44753.28369337223,42085.308705717565
LSTM,4,peak,185,2023-01-25 00:00:00,45713.64767322439,42984.62683265567
LSTM,4,peak,186,2023-01-26 00:00:00,45642.24679219331,42730.50399407213
LSTM,4,peak,187,2023-01-27 00:00:00,45622.15477876339,42632.838988101175
LSTM,4,peak,188,2023-01-28 00:00:00,45133.94516163577,42416.17515704528
LSTM,4,peak,189,2023-01-29 00:00:00,44457.43221962233,41977.41713238151
LSTM,4,peak,190,2023-01-30 00:00:00,43638.880447924545,41430.704819216124
LSTM,4,peak,191,2023-01-31 00:00:00,43380.91094827438,41106.987687177294
LSTM,4,peak,192,2023-02-01 00:00:00,44892.88982184999,42245.381046301896
LSTM,4,peak,193,2023-02-02 00:00:00,45031.48385040867,42221.7080452259
LSTM,4,peak,194,2023-02-03 00:00:00,68584.50134900954,65300.69353543962
LSTM,4,peak,195,2023-02-04 00:00:00,48622.039259787634,46907.56014194591
LSTM,4,peak,196,2023-02-05 00:00:00,41665.86479983666,40405.7486694847
LSTM,4,peak,197,2023-02-06 00:00:00,39937.26259087267,38633.39830073517
LSTM,4,decline,198,2023-02-07 00:00:00,40816.74498711257,39578.768273684975
LSTM,4,decline,199,2023-02-08 00:00:00,41707.98040745515,40478.74326760493
LSTM,4,decline,200,2023-02-09 00:00:00,42561.99300780483,41413.668921696546
LSTM,4,decline,201,2023-02-10 00:00:00,42253.66358495021,41113.79814508817
LSTM,4,decline,202,2023-02-11 00:00:00,42604.538782641546,41687.25901825109
LSTM,4,decline,203,2023-02-12 00:00:00,42590.00689963403,41669.19080093255
LSTM,4,decline,204,2023-02-13 00:00:00,42574.17760060803,41584.805511533305
LSTM,4,decline,205,2023-02-14 00:00:00,43844.23928897929,42974.251099976944
LSTM,4,decline,206,2023-02-15 00:00:00,42642.376301808945,42063.17491670028
LSTM,4,decline,207,2023-02-16 00:00:00,43300.435018893775,42719.47103507947
LSTM,4,decline,208,2023-02-17 00:00:00,46306.8948663829,45860.565847711674
LSTM,4,decline,209,2023-02-18 00:00:00,43301.696782893014,43068.82514938374
LSTM,4,decline,210,2023-02-19 00:00:00,42140.14746251505,41913.99498955995
LSTM,4,decline,211,2023-02-20 00:00:00,41571.83530277126,41304.971703737814
Persistence,1,surge,0,,10833.907647990853,7582.499814916837
Persistence,1,surge,1,,11284.15194451819,8363.07123850857
Persistence,1,peak,2,,11205.369461964317,8068.999809569211
Persistence,1,peak,3,,11350.750908464746,8444.499804060504
Persistence,1,peak,4,,9843.311433903757,7499.856943473415
Persistence,1,peak,5,,9588.93215629888,7326.928472880399
Persistence,1,peak,6,,8656.166674841023,6702.285509716542
Persistence,1,peak,7,,8711.525803233482,6751.357140306043
Persistence,1,peak,8,,9155.181945951448,7171.714280457292
Persistence,1,peak,9,,9158.154779119921,7224.21427851675
Persistence,1,peak,10,,9168.19583435847,7254.499977757109
Persistence,1,peak,11,,7765.557394755964,6212.4285882967315
Persistence,1,peak,12,,7893.848844638577,6466.857134729787
Persistence,1,peak,13,,8619.697724778565,7282.6428349440175
Persistence,1,peak,14,,8069.286535810112,6680.571412674465
Persistence,1,peak,15,,8985.343930008,7670.999989805903
Persistence,1,peak,16,,8793.741374174811,7250.85714088517
Persistence,1,decline,17,,8352.190556612226,6532.428567911132
Persistence,1,decline,18,,7635.356646598303,5831.571428492904
Persistence,1,decline,19,,7271.965839608522,5393.571429687528
Persistence,1,decline,20,,7291.851937960722,5407.714290921688
Persistence,1,decline,21,,6505.137659813319,4598.357147504551
Persistence,1,decline,22,,7474.591418776381,5521.000006687029
Persistence,1,decline,23,,7441.719592842661,5426.214310696155
Persistence,1,decline,24,,7401.948279503658,5342.214290537833
Persistence,1,decline,25,,7285.9567455236975,5146.9285706798255
Persistence,1,decline,26,,6573.036451914229,4619.35715139075
Persistence,1,decline,27,,6920.978086218038,5003.857148581809
Persistence,1,decline,28,,6147.353040518848,4576.499987827592
Persistence,1,decline,29,,6251.7959038558965,4811.357167627371
Persistence,1,decline,30,,6257.007237355136,4864.57147819747
Persistence,2,surge,34,,6019.191308295228,4544.64290040758
Persistence,2,surge,35,,4862.465659228029,3828.8571921463854
Persistence,2,surge,36,,5143.638084728876,4160.35718957735
Persistence,2,surge,37,,5221.959115314824,4270.214328934574
Persistence,2,surge,38,,5307.224548801311,4387.785755468926
Persistence,2,surge,39,,5559.736713733164,4582.785749781834
Persistence,2,surge,40,,5111.938741950658,4185.714322581572
Persistence,2,surge,41,,4888.423382086704,4043.1429125402697
Persistence,2,surge,42,,4802.2142113208265,3926.642875222679
Persistence,2,surge,43,,4981.6115379511175,4217.285711548393
Persistence,2,surge,44,,5085.570908241613,4425.642859159319
Persistence,2,surge,45,,5148.470831304208,4508.714279590276
Persistence,2,surge,46,,5148.796021532504,4514.4285641810475
Persistence,2,surge,47,,4982.627595747166,4408.499997608823
Persistence,2,peak,48,,4909.157536364504,4283.499991772563
Persistence,2,peak,49,,4585.024549223957,3818.4285636173436
Persistence,2,peak,50,,4539.407066436422,3767.7857112848915
Persistence,2,peak,51,,4387.757436622676,3551.142857012355
Persistence,2,peak,52,,3792.7620395121303,3062.5000041787134
Persistence,2,peak,53,,3701.160005411332,2898.0000040252785
Persistence,2,peak,54,,3233.5341478720397,2493.857151880618
Persistence,2,peak,55,,3449.163790123215,2672.9285781641656
Persistence,2,peak,56,,3413.8138761182713,2648.071440072457
Persistence,2,peak,57,,3299.6040481042014,2524.6428652109093
Persistence,2,peak,58,,3082.181701855828,2253.214292905138
Persistence,2,peak,59,,3117.042654620341,2355.928583063901
Persistence,2,peak,60,,2455.6452028237813,1881.1428739218932
Persistence,2,peak,61,,2508.1610230492142,1935.214302418933
Persistence,2,peak,62,,2832.1556490533626,2283.0000169504137
Persistence,2,decline,63,,2844.7501604884137,2292.3571503047665
Persistence,2,decline,64,,2883.970734778551,2348.500009118493
Persistence,2,decline,65,,2854.6626236544503,2257.142861063629
Persistence,2,decline,66,,2859.922587943506,2271.642867209795
Persistence,2,decline,67,,2844.56584257337,2216.85714340821
Persistence,2,decline,68,,2678.8346298022,2116.857161071568
Persistence,2,decline,69,,2532.333162879878,2022.5000082889485
Persistence,2,decline,70,,2706.2689573944226,2163.5714454181348
Persistence,2,decline,71,,2785.7083761741014,2299.357160547346
Persistence,2,decline,72,,2805.6852874119927,2327.71430044462
Persistence,2,decline,73,,2849.7783696942647,2427.1428568835618
Persistence,2,decline,74,,2893.1141082013,2467.6428550631213
Persistence,2,decline,75,,2820.763353290194,2422.785721224528
Persistence,2,decline,76,,2667.3326347595676,2275.214300330993
Persistence,3,surge,125,,27184.73749768866,21118.428583857614
Persistence,3,surge,126,,27623.81857775967,22023.14286105084
Persistence,3,surge,127,,28440.15697790004,23136.428586249338
Persistence,3,surge,128,,28514.860684784908,23378.285732295106
Persistence,3,surge,129,,28082.442779520097,22650.357139444528
Persistence,3,surge,130,,26881.695124349695,20824.785684142193
Persistence,3,surge,131,,28090.601687017326,22504.92853932135
Persistence,3,surge,132,,31929.57260683904,25628.785692779824
Persistence,3,surge,133,,31528.46066661687,24929.928551667905
Persistence,3,surge,134,,31402.891713136978,24280.92855041372
Persistence,3,surge,135,,30294.95463561143,22328.642837952415
Persistence,3,surge,136,,24457.406367198804,17640.2142822398
Persistence,3,surge,137,,23495.54023855185,17073.214292051234
Persistence,3,surge,138,,23308.09038541975,16769.785721167584
Persistence,3,peak,139,,24354.34709699425,17718.714286909584
Persistence,3,peak,140,,23419.588047144916,16647.928576542494
Persistence,3,peak,141,,23548.687950456788,16895.928571037035
Persistence,3,peak,142,,23388.087314496643,16461.357144605656
Persistence,3,peak,143,,23770.03844756901,17278.71429683145
Persistence,3,peak,144,,24065.109002567566,17492.357166775262
Persistence,3,peak,145,,19932.69353334741,15445.857167497936
Persistence,3,peak,146,,19623.251468512994,14669.928595443203
Persistence,3,peak,147,,19620.060007278604,14616.42859256281
Persistence,3,peak,148,,19727.97557118371,14957.35717243838
Persistence,3,peak,149,,19735.040269524037,15034.500034229419
Persistence,3,peak,150,,17144.41375398531,12635.00002848567
Persistence,3,peak,151,,16864.937848301644,12065.714305805248
Persistence,3,peak,152,,14444.310738405406,10053.714308060666
Persistence,3,peak,153,,14001.306637189791,9200.357148712154
Persistence,3,decline,154,,14073.141983088204,9270.14287534396
Persistence,3,decline,155,,14213.969489612658,9536.000015113965
Persistence,3,decline,156,,14463.971205164285,9733.785729090541
Persistence,3,decline,157,,12293.08923140924,8658.071446222795
Persistence,3,decline,158,,10081.337187340681,7550.714310386003
Persistence,3,decline,159,,10243.438251962965,7891.142881349917
Persistence,3,decline,160,,10277.188894232799,8063.857177249023
Persistence,3,decline,161,,11080.243069413049,8714.928611942396
Persistence,3,decline,162,,11064.878059411092,8608.92861151406
Persistence,3,decline,163,,11300.40070266849,9039.071480879744
Persistence,3,decline,164,,11640.884162650978,9536.785774549684
Persistence,3,decline,165,,11952.948700650733,9998.14291266471
Persistence,3,decline,166,,12146.302369619376,10483.07148960496
Persistence,3,decline,167,,11628.148017499274,9924.571473319362
Persistence,4,surge,169,,10435.985291970488,8803.000047408004
Persistence,4,surge,170,,9592.892943247181,8265.428614862238
Persistence,4,surge,171,,9001.96563777958,7772.285735504853
Persistence,4,surge,172,,8835.665187164788,7489.2857319197
Persistence,4,surge,173,,8923.741375844897,7665.214291886592
Persistence,4,surge,174,,7562.609250868211,6427.071419272427
Persistence,4,surge,175,,7884.736324499339,6964.785716726105
Persistence,4,surge,176,,7515.914106909036,6453.571421720887
Persistence,4,surge,177,,7690.622175260682,6563.357139310812
Persistence,4,surge,178,,7133.719101812094,5989.285701028854
Persistence,4,surge,179,,6848.670746299906,5645.071407964923
Persistence,4,surge,180,,13379.50244167489,8250.214271294139
Persistence,4,surge,181,,26246.545279389487,13666.642638150499
Persistence,4,surge,182,,27406.14943044034,15507.785297436645
Persistence,4,peak,183,,27220.517792767885,14713.142432304408
Persistence,4,peak,184,,27249.185476347855,14806.713874194842
Persistence,4,peak,185,,27235.68937064488,14615.071023549051
Persistence,4,peak,186,,27337.58871500367,14958.999604875467
Persistence,4,peak,187,,27467.69085404372,15644.999616373509
Persistence,4,peak,188,,27386.936793336998,15252.5710333871
Persistence,4,peak,189,,27521.447027314465,15851.285328249927
Persistence,4,peak,190,,27310.301388457974,15065.785325319162
Persistence,4,peak,191,,27829.307582465717,16286.785351075227
Persistence,4,peak,192,,28596.991726728764,17820.85679628627
Persistence,4,peak,193,,26451.99336614653,15829.928226015707
Persistence,4,peak,194,,13569.074905364652,9897.285576773875
Persistence,4,peak,195,,11170.434955741344,8305.857201586801
Persistence,4,peak,196,,11896.006994742167,9342.357195394658
Persistence,4,peak,197,,11654.707818436047,8784.785763797337
Persistence,4,decline,198,,11653.700505399418,8748.214329331166
Persistence,4,decline,199,,11318.038164397161,8103.071467398062
Persistence,4,decline,200,,11032.694037067908,7622.4286044094215
Persistence,4,decline,201,,11151.634754535193,7896.428601963389
Persistence,4,decline,202,,10802.983877399492,7183.785735455755
Persistence,4,decline,203,,11033.294476985247,7664.214312179776
Persistence,4,decline,204,,9626.40108950045,6355.642870720965
Persistence,4,decline,205,,7776.735843396363,5503.785739448821
Persistence,4,decline,206,,6544.6782281309515,4393.071469291356
Persistence,4,decline,207,,6583.444812501594,4490.642880902043
Persistence,4,decline,208,,6584.748739697387,4491.785743371876
Persistence,4,decline,209,,5441.276380281007,3862.2857493251654
Persistence,4,decline,210,,5435.506525563676,3829.785779589671
Persistence,4,decline,211,,5892.035090670962,4432.928605550166
