model,phase,RMSE_national,MAE_national
GCLSTM,decline,18392.664448566702,16615.65597408496
GCLSTM,peak,17875.65391492308,15873.978060420586
GCLSTM,surge,17699.17373825364,15738.86588529948
GCRN,decline,17978.307314520287,15995.278060608212
GCRN,peak,17621.168852105424,15423.5346521665
GCRN,surge,17178.355189374775,15112.561281397891
LSTM,decline,45013.278256149555,44249.37840518214
LSTM,peak,42188.347108654,40558.067250615444
LSTM,surge,40927.43581068061,39183.761838117
Persistence,decline,7592.423108507115,5653.075276701609
Persistence,peak,14063.489299733235,9646.472538327887
Persistence,surge,14638.08812473412,11265.935049574877
