snapshot,date,national_total,national_smooth7
0,2022-07-19,56618.999950533165,52962.74997463973
1,2022-07-20,55703.999941556554,47444.59997626743
2,2022-07-21,50632.99999255384,41182.0002131468
3,2022-07-22,48895.00001391535,39279.42915860381
4,2022-07-23,25371.99998277826,36522.000592385906
5,2022-07-24,9869.001397543634,34821.85775314892
6,2022-07-25,27864.002831345846,33867.714904286986
7,2022-07-26,37316.99998700788,32758.143488903028
8,2022-07-27,43803.00006689763,32338.857829586712
9,2022-07-28,43954.0000505203,33824.71476434058
10,2022-07-29,41128.00010622764,32973.57150757558
11,2022-07-30,22437.000367564036,32463.857219896112
12,2022-07-31,20269.999940820704,30891.285785967895
13,2022-08-01,21906.00003399083,30296.428626024524
14,2022-08-02,33748.99997325167,28634.142889134713
15,2022-08-03,32795.00002940007,27773.142829635082
16,2022-08-04,39789.99993091674,25900.285695454735
17,2022-08-05,29491.999947998953,25242.285688523647
18,2022-08-06,16409.999951066595,24659.71426769922
19,2022-08-07,7160.000001558294,24339.99997549
20,2022-08-08,17299.999985473216,22556.71430682731
21,2022-08-09,29671.000027480663,21658.571451978834
22,2022-08-10,30556.999983935562,21810.857157148395
23,2022-08-11,27307.000250277866,21419.285727080663
24,2022-08-12,23204.999964059636,20066.85716038039
25,2022-08-13,17475.99988725352,19064.285733920722
26,2022-08-14,4418.999991084164,17776.142882735156
27,2022-08-15,7833.000018571296,16986.571416540864
28,2022-08-16,22653.00004226302,16315.857127652444
29,2022-08-17,21540.000025636586,16018.142854560185
30,2022-08-18,21779.999986917843,16108.8571321788
31,2022-08-19,18509.99994184067,15860.428553608905
32,2022-08-20,15391.999975607714,15466.714255227274
33,2022-08-21,5053.99993441447,14957.285674965784
34,2022-08-22,6093.999968582031,14831.571386521502
35,2022-08-23,19896.999953591618,14745.142818974815
36,2022-08-24,17973.999963806138,14293.999957158225
37,2022-08-25,20899.999967807864,14062.99996006039
38,2022-08-26,17904.99996901388,14945.857068528992
39,2022-08-27,12233.999942891578,14485.571398256705
40,2022-08-28,3436.9999547296175,14159.285682344811
41,2022-08-29,12273.999727862256,13264.571400812769
42,2022-08-30,16675.00026168559,12327.285681435807
43,2022-08-31,15689.999952422892,12236.285678555985
44,2022-09-01,14636.999997083569,12160.857104098297
45,2022-09-02,11343.999933375148,11363.285714814929
46,2022-09-03,11596.999922732819,10874.714242673786
47,2022-09-04,2908.99993352581,9889.142821141195
48,2022-09-05,6691.000002878666,8390.999968903516
49,2022-09-06,13254.999956697613,8563.428546696035
50,2022-09-07,8791.000001694747,8237.142839243419
51,2022-09-08,4150.00003141981,8174.714268455452
52,2022-09-09,12550.999977922784,7967.7142608137965
53,2022-09-10,9312.9999705645,7544.999976601238
54,2022-09-11,2471.999938010049,8327.142831945135
55,2022-09-12,5241.999949387069,9135.714261650905
56,2022-09-13,10295.999967209702,8791.714266660318
57,2022-09-14,14265.99998910203,7880.999978835792
58,2022-09-15,9810.000039360193,8237.857122468358
59,2022-09-16,10143.000012988676,8191.428555954793
60,2022-09-17,2937.999955792827,7959.428561516362
61,2022-09-18,4969.999943438011,6930.571419599108
62,2022-09-19,4916.99998379212,6761.142842906688
63,2022-09-20,8672.000006140674,6410.571412094455
64,2022-09-21,7063.999995681256,6920.285689091744
65,2022-09-22,8624.00000251326,6385.857113661622
66,2022-09-23,7688.9999973030435,6531.285687400733
67,2022-09-24,6505.999894773841,6460.57139706586
68,2022-09-25,1228.9999154271545,6525.857117159324
69,2022-09-26,5934.999999965902,6621.285698541238
70,2022-09-27,8176.999973796563,6770.571405066364
71,2022-09-28,7521.000036335503,6690.428556723697
72,2022-09-29,9292.00007218666,6660.999996418178
73,2022-09-30,8733.999942978917,6514.42855107991
74,2022-10-01,5944.999956375175,6389.571400030344
75,2022-10-02,1022.999993288529,6318.285678037514
76,2022-10-03,4908.999882598019,6156.571392531163
77,2022-10-04,7302.999916449608,6015.14284415349
78,2022-10-05,7021.999982385694,5718.285690057252
79,2022-10-06,8160.000073642199,5640.999967033099
80,2022-10-07,7744.000104335206,5610.999987484626
81,2022-10-08,3866.999877701508,5604.285710138787
82,2022-10-09,481.9999321194593,5327.99999560022
83,2022-10-10,4699.000025758715,4610.571422403163
84,2022-10-11,7255.9999750287325,4431.999982123899
85,2022-10-12,5087.99998061572,4193.857132885689
86,2022-10-13,3138.0000612627955,4179.285704902059
87,2022-10-14,6494.00002238036,4273.285710849576
88,2022-10-15,2199.9999330340406,4413.857143185092
89,2022-10-16,379.9999362340444,4875.285711543879
90,2022-10-17,5357.000067391347,5127.28570522312
91,2022-10-18,8240.000001377342,4798.999987794407
92,2022-10-19,8317.999959127223,4724.857128252087
93,2022-10-20,4902.000017017485,4903.714271366932
94,2022-10-21,4196.00000037937,5472.71426310365
95,2022-10-22,1680.9999162377962,5143.428543958225
96,2022-10-23,1631.9999380379595,5048.4285457770375
97,2022-10-24,9340.000009548377,5499.142830494112
98,2022-10-25,5934.999967359368,5869.999975084131
99,2022-10-26,7652.999971858905,5892.428545293014
100,2022-10-27,8057.000010037005,5773.142828864713
101,2022-10-28,6792.000012509499,4981.2856924977705
102,2022-10-29,1837.9999076999902,5301.999975575482
103,2022-10-30,796.9999230398454,4534.857108840579
104,2022-10-31,3797.0000549797874,4365.714261614137
105,2022-11-01,8179.999948903338,3780.4285476458317
106,2022-11-02,2282.999904714587,3700.999984649373
107,2022-11-03,6873.000079451916,3740.999984218303
108,2022-11-04,2695.000014731357,3770.9999766373026
109,2022-11-05,1281.9999667247785,4392.571408358652
110,2022-11-06,1076.9999200223565,5388.428571817278
111,2022-11-07,4007.0000019127815,6096.857145926437
112,2022-11-08,12530.999970952786,8339.857140211112
113,2022-11-09,9254.000048924969,8682.285703835614
114,2022-11-10,11832.000098216029,8668.714274847485
115,2022-11-11,18395.999974724084,9220.999982169984
116,2022-11-12,3678.999912096297,7723.571404876887
117,2022-11-13,981.9999171054586,8517.142796372007
118,2022-11-14,7872.999953170263,11424.857045761632
119,2022-11-15,2048.9999299011106,12788.714186356661
120,2022-11-16,14808.999789390811,13335.714184850673
121,2022-11-17,32185.999843943402,13807.857040883087
122,2022-11-18,27942.999958889282,16034.142802951352
123,2022-11-19,7507.99990155439,18097.142827741285
124,2022-11-20,4286.999909332355,20160.428572621815
125,2022-11-21,23457.000287648112,18726.571446345908
126,2022-11-22,16490.000103430633,21028.28577203553
127,2022-11-23,29252.000003554545,21841.428632832623
128,2022-11-24,22148.99996001203,21969.57149538365
129,2022-11-25,44055.00023871666,21503.857152206554
130,2022-11-26,13199.999927134026,25333.857124979757
131,2022-11-27,5183.99994718953,25821.999963052793
132,2022-11-28,20196.999885408455,22871.571393875474
133,2022-11-29,43299.999912843035,26349.571320232877
134,2022-11-30,32668.999870065814,27857.857026911504
135,2022-12-01,1495.999975770809,28142.57130552743
136,2022-12-02,68400.99972321848,29087.285602243886
137,2022-12-03,23757.999873884393,30781.28561688441
138,2022-12-04,7176.999897500991,32495.57133932407
139,2022-12-05,26809.999962423688,36989.57133540634
140,2022-12-06,55158.00001532667,32682.428501474667
141,2022-12-07,44668.99992714348,30247.428509954614
142,2022-12-08,32953.99994834671,38573.57138458042
143,2022-12-10,38250.99988569675,42192.28567109336
144,2022-12-11,6712.999933244013,41981.99995365135
145,2022-12-12,65460.00001988163,43818.857094497944
146,2022-12-13,52140.9999680143,47510.28565623992
147,2022-12-14,53685.9999932326,45201.428514547006
148,2022-12-15,57526.999913069594,45636.142796916996
149,2022-12-16,58793.99988054056,42380.999921954564
150,2022-12-17,22088.999893846296,42936.71421265369
151,2022-12-18,9755.999909833983,41277.285641020666
152,2022-12-19,42673.999895144574,39873.57136780483
153,2022-12-20,56031.000002908215,35897.42851802011
154,2022-12-21,42069.99999180143,42097.57139942976
155,2022-12-22,47701.000000558706,45760.14283616184
156,2022-12-23,30960.99993204759,45070.99999543546
157,2022-12-26,65490.00006371382,42359.99999861528
158,2022-12-27,35393.999966958574,40412.857140796805
159,2022-12-28,37850.000010059826,37996.57142923381
160,2022-12-29,37054.00002516702,37527.14288370358
161,2022-12-30,28439.99998707213,32748.28572886195
162,2023-01-02,30787.000019617695,31590.28572828728
163,2023-01-03,27675.000113336002,29880.000024857516
164,2023-01-04,32037.99997982237,26149.428578704992
165,2023-01-05,27287.999962935926,22313.28571434639
166,2023-01-06,25878.000086051485,20928.857140221742
167,2023-01-07,10939.999902099324,22770.285720068438
168,2023-01-08,1586.999936561951,21903.714291125652
169,2023-01-09,21096.00000074514,20684.00000222437
170,2023-01-10,40565.000172262866,20124.857142518045
171,2023-01-11,25971.999977222873,19167.00000569031
172,2023-01-12,18749.999940626938,19422.000003003795
173,2023-01-13,21964.000068107227,18194.857145062728
174,2023-01-14,4234.999944305186,15805.142830885636
175,2023-01-15,3371.9999177563327,13898.857123071855
176,2023-01-16,12505.99999515766,14195.571413921489
177,2023-01-17,23836.99997302323,13016.142835709117
178,2023-01-18,12628.000022526421,13061.999974391158
179,2023-01-19,20826.999976574374,12658.571408091539
180,2023-01-20,13708.000020620617,12656.428561574148
181,2023-01-21,4555.999915079481,12133.9999873669
182,2023-01-22,547.9999536589984,12747.1428366015
183,2023-01-23,12491.000069535927,11377.999982826852
184,2023-01-24,20179.999953572486,10969.428564587915
185,2023-01-25,16919.999967168627,10669.571419869093
186,2023-01-26,11243.000000151826,10659.857134306298
187,2023-01-27,10848.000092948061,10782.28569277888
188,2023-01-28,2456.9999020477167,10259.428527039008
189,2023-01-29,479.9999547194448,9719.428523477838
190,2023-01-30,13347.999978844,16217.71423557083
191,2023-01-31,16519.99979339338,10632.143185617224
192,2023-02-01,13139.999942240442,10500.143190281733
193,2023-02-02,56730.99998480275,10533.714615418046
194,2023-02-03,-28250.997256727172,10014.571761465506
195,2023-02-04,1532.999934699289,8959.857494382653
196,2023-02-05,714.9999306736327,9886.857506834016
197,2023-02-06,9714.000001176224,3158.143217751315
198,2023-02-07,9136.999923813404,8983.571395900126
199,2023-02-08,19629.000029399995,9074.2856787869
200,2023-02-09,9629.999961223835,9014.57139323537
201,2023-02-10,12526.9999903145,10564.428551202644
202,2023-02-11,2167.99991490672,8645.714279634965
203,2023-02-12,296.99993181290716,7473.571429951342
204,2023-02-13,20563.000106947144,7454.857139700814
205,2023-02-14,-4293.999977160344,8094.285693695546
206,2023-02-15,11424.000081614635,8023.714270272011
207,2023-02-16,9498.99992947014,8049.99998327044
208,2023-02-17,17002.99986827762,5171.857100558775
209,2023-02-18,1673.9999509419804,6053.285663937214
210,2023-02-19,480.9999228019027,5156.428502681423
211,2023-02-20,415.9999279654946,4432.666598216637
212,2023-02-21,1875.9999664887273,1918.59994420444
213,2023-02-22,5145.9999528241,1979.7499425200547
