event,snapshot,days_from_peak,phase,date
1,78,-21,surge,2022-10-05
1,79,-20,surge,2022-10-06
1,80,-19,surge,2022-10-07
1,81,-18,surge,2022-10-08
1,82,-17,surge,2022-10-09
1,83,-16,surge,2022-10-10
1,84,-15,surge,2022-10-11
1,85,-14,surge,2022-10-12
1,86,-13,surge,2022-10-13
1,87,-12,surge,2022-10-14
1,88,-11,surge,2022-10-15
1,89,-10,surge,2022-10-16
1,90,-9,surge,2022-10-17
1,91,-8,surge,2022-10-18
1,92,-7,peak,2022-10-19
1,93,-6,peak,2022-10-20
1,94,-5,peak,2022-10-21
1,95,-4,peak,2022-10-22
1,96,-3,peak,2022-10-23
1,97,-2,peak,2022-10-24
1,98,-1,peak,2022-10-25
1,99,0,peak,2022-10-26
1,100,1,peak,2022-10-27
1,101,2,peak,2022-10-28
1,102,3,peak,2022-10-29
1,103,4,peak,2022-10-30
1,104,5,peak,2022-10-31
1,105,6,peak,2022-11-01
1,106,7,peak,2022-11-02
1,107,8,decline,2022-11-03
1,108,9,decline,2022-11-04
1,109,10,decline,2022-11-05
1,110,11,decline,2022-11-06
1,111,12,decline,2022-11-07
1,112,13,decline,2022-11-08
1,113,14,decline,2022-11-09
1,114,15,decline,2022-11-10
1,115,16,decline,2022-11-11
1,116,17,decline,2022-11-12
1,117,18,decline,2022-11-13
1,118,19,decline,2022-11-14
1,119,20,decline,2022-11-15
1,120,21,decline,2022-11-16
2,125,-21,surge,2022-11-21
2,126,-20,surge,2022-11-22
2,127,-19,surge,2022-11-23
2,128,-18,surge,2022-11-24
2,129,-17,surge,2022-11-25
2,130,-16,surge,2022-11-26
2,131,-15,surge,2022-11-27
2,132,-14,surge,2022-11-28
2,133,-13,surge,2022-11-29
2,134,-12,surge,2022-11-30
2,135,-11,surge,2022-12-01
2,136,-10,surge,2022-12-02
2,137,-9,surge,2022-12-03
2,138,-8,surge,2022-12-04
2,139,-7,peak,2022-12-05
2,140,-6,peak,2022-12-06
2,141,-5,peak,2022-12-07
2,142,-4,peak,2022-12-08
2,143,-3,peak,2022-12-10
2,144,-2,peak,2022-12-11
2,145,-1,peak,2022-12-12
2,146,0,peak,2022-12-13
2,147,1,peak,2022-12-14
2,148,2,peak,2022-12-15
2,149,3,peak,2022-12-16
2,150,4,peak,2022-12-17
2,151,5,peak,2022-12-18
2,152,6,peak,2022-12-19
2,153,7,peak,2022-12-20
2,154,8,decline,2022-12-21
2,155,9,decline,2022-12-22
2,156,10,decline,2022-12-23
2,157,11,decline,2022-12-26
2,158,12,decline,2022-12-27
2,159,13,decline,2022-12-28
2,160,14,decline,2022-12-29
2,161,15,decline,2022-12-30
2,162,16,decline,2023-01-02
2,163,17,decline,2023-01-03
2,164,18,decline,2023-01-04
2,165,19,decline,2023-01-05
2,166,20,decline,2023-01-06
2,167,21,decline,2023-01-07
