Identificador,tipo_grafo,RMSE,MAE,R2
GCRN_k1_h256_lags11_out2_alpha0.01,grafo_original,1.0021439156863838,0.0976587403002917,0.5437197930138427
GCLSTM_k1_h256_lags11_out2_alpha0.01,grafo_original,1.0112949211407745,0.0971741003104228,0.5353683039706043
LSTM_k1_h256_lags11_out2_alpha0.01,grafo_original,0.9294748009014232,0.1043546328513235,0.6074902474642488
GCRN_k1_h256_lags8_out5_alpha0.01,grafo_original,1.1312982859549645,0.1128118727158545,0.4259074473689222
GCLSTM_k1_h256_lags8_out5_alpha0.01,grafo_original,1.140914199794508,0.1130519619645276,0.4161106905913033
LSTM_k1_h256_lags8_out5_alpha0.01,grafo_original,1.1993364608051462,0.1176742792413641,0.3547714705963499
GCRN_k1_h256_lags5_out11_alpha0.01,grafo_original,1.3362657210351951,0.1425348986904998,0.2117959715368806
GCLSTM_k1_h256_lags5_out11_alpha0.01,grafo_original,1.3433082095874904,0.1427322686094995,0.2034698047539
LSTM_k1_h256_lags5_out11_alpha0.01,grafo_original,1.34426602847823,0.1378235413836541,0.2023400248177005
GCRN_k1_h256_lags6_out12_alpha0.01,grafo_original,1.3414293647247084,0.1383573599490785,0.2074503489657578
GCLSTM_k1_h256_lags6_out12_alpha0.01,grafo_original,1.350574648202371,0.1401245541493945,0.196610309555179
LSTM_k1_h256_lags6_out12_alpha0.01,grafo_original,1.3512497671045205,0.1303538036653969,0.1958080725849061
GCRN_k1_h256_lags13_out13_alpha0.01,grafo_original,1.3584575711543827,0.1286383309443952,0.1879172185026036
GCLSTM_k1_h256_lags13_out13_alpha0.01,grafo_original,1.3677559527041947,0.1300073376612305,0.1767603009204182
LSTM_k1_h256_lags13_out13_alpha0.01,grafo_original,1.364430574861114,0.1328937219082314,0.1807583323110632
GCRN_k1_h256_lags9_out3_alpha0.01,grafo_original,1.0380315109198546,0.1039862290749273,0.5113324036386516
GCLSTM_k1_h256_lags9_out3_alpha0.01,grafo_original,1.0477962408265626,0.1028512694306715,0.5020892412710015
LSTM_k1_h256_lags9_out3_alpha0.01,grafo_original,1.0842480937041576,0.1089551251864759,0.4668520088542509
GCRN_k1_h256_lags8_out9_alpha0.01,grafo_original,1.262738550223555,0.1242203940106038,0.2922001422570753
GCLSTM_k1_h256_lags8_out9_alpha0.01,grafo_original,1.27210823017907,0.1259430097093513,0.2816647451646067
LSTM_k1_h256_lags8_out9_alpha0.01,grafo_original,1.3116438332416138,0.1255567360020955,0.2363212140741422
GCRN_k1_h256_lags9_out6_alpha0.01,grafo_original,1.170236139661522,0.1135421085431357,0.3841131714193008
GCLSTM_k1_h256_lags9_out6_alpha0.01,grafo_original,1.177342715354746,0.1143886020169292,0.3766195158644706
LSTM_k1_h256_lags9_out6_alpha0.01,grafo_original,1.218887908905726,0.1195837761037446,0.3318255194881104
GCRN_k1_h256_lags6_out4_alpha0.01,grafo_original,1.0858099479739358,0.1127211751465749,0.4674311576871579
GCLSTM_k1_h256_lags6_out4_alpha0.01,grafo_original,1.0912251943272475,0.111391972860083,0.4621084290036574
LSTM_k1_h256_lags6_out4_alpha0.01,grafo_original,1.1324919959702038,0.1144282091108926,0.420304071598586
GCRN_k1_h256_lags1_out2_alpha0.01,grafo_original,1.2871427417183656,0.1640238784086208,0.2699589233744987
GCLSTM_k1_h256_lags1_out2_alpha0.01,grafo_original,1.4292961690700765,0.1795893482179749,0.0364430968241915
LSTM_k1_h256_lags1_out2_alpha0.01,grafo_original,1.112430429031798,0.136179697827374,0.4553965172311165
GCRN_k1_h256_lags10_out10_alpha0.01,grafo_original,1.2909724955446091,0.1248676481875693,0.2606762964057958
GCLSTM_k1_h256_lags10_out10_alpha0.01,grafo_original,1.3000019347084848,0.1252782510468352,0.2502958144797344
LSTM_k1_h256_lags10_out10_alpha0.01,grafo_original,1.3185911649847737,0.1286382542730989,0.2286961792742999
GCRN_k1_h256_lags11_out14_alpha0.01,grafo_original,1.3677832854553045,0.1327378931175274,0.1789801381520326
GCLSTM_k1_h256_lags11_out14_alpha0.01,grafo_original,1.3738031028705655,0.133600185865599,0.1717368648597696
LSTM_k1_h256_lags11_out14_alpha0.01,grafo_original,1.376197454401583,0.1335148731601114,0.1688455132446343
GCRN_k1_h256_lags5_out12_alpha0.01,grafo_original,1.361590187245456,0.1455766836832335,0.1834484284615801
GCLSTM_k1_h256_lags5_out12_alpha0.01,grafo_original,1.3692626777136414,0.147051410227008,0.1742176002032949
LSTM_k1_h256_lags5_out12_alpha0.01,grafo_original,1.360097887780825,0.1400264649419251,0.1852411425317004
GCRN_k1_h256_lags10_out5_alpha0.01,grafo_original,1.1292860264302311,0.1085302892656202,0.4222142054377699
GCLSTM_k1_h256_lags10_out5_alpha0.01,grafo_original,1.144523545160704,0.1090357090655553,0.4065042825682901
LSTM_k1_h256_lags10_out5_alpha0.01,grafo_original,1.17048447358466,0.1171523471592715,0.3792695396934783
GCRN_k1_h256_lags4_out13_alpha0.01,grafo_original,1.4756753671739122,0.1704720829105134,0.0426538592889963
GCLSTM_k1_h256_lags4_out13_alpha0.01,grafo_original,1.4765984271596753,0.1707526816719172,0.0414331000352797
LSTM_k1_h256_lags4_out13_alpha0.01,grafo_original,1.4318574877856514,0.1659102109866992,0.0986302536842819
GCRN_k1_h256_lags10_out6_alpha0.01,grafo_original,1.1691038151618482,0.1120756714621077,0.3853059131883856
GCLSTM_k1_h256_lags10_out6_alpha0.01,grafo_original,1.181103114825759,0.1125432824193139,0.3726306716734441
LSTM_k1_h256_lags10_out6_alpha0.01,grafo_original,1.2116700606044215,0.1204496830466313,0.3397379043799661
GCRN_k1_h256_lags13_out14_alpha0.01,grafo_original,1.3734655396658435,0.1305902803956019,0.1721441643152234
GCLSTM_k1_h256_lags13_out14_alpha0.01,grafo_original,1.3799043592431817,0.1310554779319944,0.1643654213909787
LSTM_k1_h256_lags13_out14_alpha0.01,grafo_original,1.3780394004760386,0.134963850725532,0.1666223997010642
GCRN_k1_h256_lags9_out9_alpha0.01,grafo_original,1.265533850013637,0.1226520904795843,0.2890663101689846
GCLSTM_k1_h256_lags9_out9_alpha0.01,grafo_original,1.2738084951679411,0.1238455661684321,0.2797425374732708
LSTM_k1_h256_lags9_out9_alpha0.01,grafo_original,1.3041619235614856,0.1255873162884811,0.2449896750472127
GCRN_k1_h256_lags1_out4_alpha0.01,grafo_original,1.515448797563192,0.1924809827569804,-0.0252017168862601
GCLSTM_k1_h256_lags1_out4_alpha0.01,grafo_original,1.444713166406246,0.1844008348611312,0.0664932544358259
LSTM_k1_h256_lags1_out4_alpha0.01,grafo_original,1.263252287059915,0.1587160336091463,0.2884033415109225
GCRN_k1_h256_lags8_out7_alpha0.01,grafo_original,1.1996920555911883,0.1187042216591873,0.3561262987234816
GCLSTM_k1_h256_lags8_out7_alpha0.01,grafo_original,1.2110572560834414,0.120262372045976,0.3438737158831178
LSTM_k1_h256_lags8_out7_alpha0.01,grafo_original,1.2629154945278689,0.1218226813202276,0.286480315134435
GCRN_k1_h256_lags8_out3_alpha0.01,grafo_original,1.034402614923812,0.1054532912776598,0.5147402042523681
GCLSTM_k1_h256_lags8_out3_alpha0.01,grafo_original,1.0458792556681062,0.1053877892060417,0.5039135170908425
LSTM_k1_h256_lags8_out3_alpha0.01,grafo_original,1.0872188678691044,0.1089319482942748,0.4637933458290723
GCRN_k1_h256_lags3_out5_alpha0.01,grafo_original,1.182983340084406,0.1323579615219825,0.3778465097679392
GCLSTM_k1_h256_lags3_out5_alpha0.01,grafo_original,1.1864865517852614,0.1332672937891537,0.374154919467481
LSTM_k1_h256_lags3_out5_alpha0.01,grafo_original,1.237816694708472,0.1457770608958628,0.3188313326076814
GCRN_k1_h256_lags14_out2_alpha0.01,grafo_original,1.0376324822430003,0.0996049853343755,0.5120337381085853
GCLSTM_k1_h256_lags14_out2_alpha0.01,grafo_original,1.0456143587770612,0.0986696077842171,0.5044444606069248
LSTM_k1_h256_lags14_out2_alpha0.01,grafo_original,0.9292165814832092,0.0982018426199618,0.6086491478888287
GCRN_k1_h256_lags8_out4_alpha0.01,grafo_original,1.0855703216649926,0.1094701050637068,0.4676495232756056
GCLSTM_k1_h256_lags8_out4_alpha0.01,grafo_original,1.0930726879056585,0.109150723779662,0.4602858724113657
LSTM_k1_h256_lags8_out4_alpha0.01,grafo_original,1.1408120894991964,0.112602925523638,0.4121136381375544
GCRN_k1_h256_lags6_out3_alpha0.01,grafo_original,1.0466233448158913,0.1111012958837679,0.5092166493801937
GCLSTM_k1_h256_lags6_out3_alpha0.01,grafo_original,1.0490864825944055,0.1075367858823716,0.506910655159514
LSTM_k1_h256_lags6_out3_alpha0.01,grafo_original,1.1159007128538287,0.1126973168078809,0.4418317033607671
GCRN_k1_h256_lags13_out3_alpha0.01,grafo_original,1.0652967126747164,0.1012055230427013,0.4811515870792525
GCLSTM_k1_h256_lags13_out3_alpha0.01,grafo_original,1.0810427892445826,0.1007955329343188,0.465669337213254
LSTM_k1_h256_lags13_out3_alpha0.01,grafo_original,0.98568630394721,0.1022427047820327,0.5557545582794614
GCRN_k1_h256_lags14_out9_alpha0.01,grafo_original,1.2886837824005402,0.1209188150431249,0.2604047978686973
GCLSTM_k1_h256_lags14_out9_alpha0.01,grafo_original,1.2996771299902652,0.1213971756473491,0.247733018976279
LSTM_k1_h256_lags14_out9_alpha0.01,grafo_original,1.298462303869258,0.1254001298489036,0.2491387520767751
GCRN_k1_h256_lags4_out14_alpha0.01,grafo_original,1.495246881530846,0.1735010215116063,0.0186027148361573
GCLSTM_k1_h256_lags4_out14_alpha0.01,grafo_original,1.5071997630476062,0.1750873493194553,0.0028426647308468
LSTM_k1_h256_lags4_out14_alpha0.01,grafo_original,1.4438354891310003,0.1671924569691453,0.0849567759218612
GCRN_k1_h256_lags8_out14_alpha0.01,grafo_original,1.3660315632994235,0.1365000143470102,0.1811776970691255
GCLSTM_k1_h256_lags8_out14_alpha0.01,grafo_original,1.3721725028076546,0.1380244749986577,0.173798069745882
LSTM_k1_h256_lags8_out14_alpha0.01,grafo_original,1.3808190845943418,0.1305669351611434,0.1633490642444748
GCRN_k1_h256_lags12_out6_alpha0.01,grafo_original,1.1858146056212429,0.112772075373455,0.3675990892214184
GCLSTM_k1_h256_lags12_out6_alpha0.01,grafo_original,1.2024722072776994,0.113587552078816,0.3497055813475417
LSTM_k1_h256_lags12_out6_alpha0.01,grafo_original,1.215272151271779,0.123128102348947,0.3358021904057794
GCRN_k1_h256_lags9_out2_alpha0.01,grafo_original,0.9865107157486266,0.1007691713467029,0.5578853964220303
GCLSTM_k1_h256_lags9_out2_alpha0.01,grafo_original,0.9919408175480008,0.1003166003628887,0.5530048766403566
LSTM_k1_h256_lags9_out2_alpha0.01,grafo_original,1.0163813840062754,0.1051048187717336,0.5307095566548268
GCRN_k1_h256_lags2_out5_alpha0.01,grafo_original,1.267958467556349,0.1471494172342938,0.2852592404066375
GCLSTM_k1_h256_lags2_out5_alpha0.01,grafo_original,1.223485745914281,0.1399034091145271,0.3343588271648464
LSTM_k1_h256_lags2_out5_alpha0.01,grafo_original,1.2479325467530118,0.1520468770292666,0.3076740802825926
GCRN_k1_h256_lags4_out9_alpha0.01,grafo_original,1.3353386078048313,0.1502372177768862,0.2107257972552582
GCLSTM_k1_h256_lags4_out9_alpha0.01,grafo_original,1.341247102989542,0.1507569426260479,0.2037103092960119
LSTM_k1_h256_lags4_out9_alpha0.01,grafo_original,1.339050163846863,0.1515417711495214,0.2063342384424832
GCRN_k1_h256_lags11_out8_alpha0.01,grafo_original,1.2459231325507112,0.119172353714748,0.3084844541210588
GCLSTM_k1_h256_lags11_out8_alpha0.01,grafo_original,1.2593411446394045,0.119151680408368,0.2935100567097045
LSTM_k1_h256_lags11_out8_alpha0.01,grafo_original,1.277703657934992,0.1269763976034812,0.2727503082507049
GCRN_k1_h256_lags6_out13_alpha0.01,grafo_original,1.358151000004299,0.1401829458899015,0.1890766397264077
GCLSTM_k1_h256_lags6_out13_alpha0.01,grafo_original,1.3689982105538665,0.1422849825118663,0.1760692027112475
LSTM_k1_h256_lags6_out13_alpha0.01,grafo_original,1.3647759208823476,0.1311620351070949,0.1811466805281295
GCRN_k1_h256_lags13_out12_alpha0.01,grafo_original,1.3413328641201687,0.1272722565212459,0.2057186416670285
GCLSTM_k1_h256_lags13_out12_alpha0.01,grafo_original,1.3501832593222194,0.1279750813858159,0.1952014087197746
LSTM_k1_h256_lags13_out12_alpha0.01,grafo_original,1.3509139605826077,0.1321825436689792,0.1943311886266215
GCRN_k1_h256_lags1_out11_alpha0.01,grafo_original,2.21537654499049,0.277974427768339,-1.1662782057895689
GCLSTM_k1_h256_lags1_out11_alpha0.01,grafo_original,2.251723890272224,0.2826807028288579,-1.237425264287144
LSTM_k1_h256_lags1_out11_alpha0.01,grafo_original,1.873132920502823,0.231757705052653,-0.5470432937751217
GCRN_k1_h256_lags9_out13_alpha0.01,grafo_original,1.3495173613375226,0.1324655293336347,0.1991435068620344
GCLSTM_k1_h256_lags9_out13_alpha0.01,grafo_original,1.3559922619236826,0.1340168288269284,0.1914400773315941
LSTM_k1_h256_lags9_out13_alpha0.01,grafo_original,1.36860160589121,0.1302713466627524,0.1763326651028263
GCRN_k1_h256_lags4_out3_alpha0.01,grafo_original,1.0427019214382038,0.1081208478765708,0.5128977811280092
GCLSTM_k1_h256_lags4_out3_alpha0.01,grafo_original,1.0454675249993646,0.1063695570839821,0.5103106393655689
LSTM_k1_h256_lags4_out3_alpha0.01,grafo_original,1.1327700612846336,0.1218853647440372,0.4251112427168795
GCRN_k1_h256_lags14_out3_alpha0.01,grafo_original,1.0830950355999345,0.1025811923621122,0.4636661337095191
GCLSTM_k1_h256_lags14_out3_alpha0.01,grafo_original,1.0922195351653294,0.1016633251943543,0.4545494138361432
LSTM_k1_h256_lags14_out3_alpha0.01,grafo_original,0.9755731618030742,0.098637107099983,0.5648736832288672
GCRN_k1_h256_lags8_out2_alpha0.01,grafo_original,0.983843201881067,0.1036704656450316,0.560266057722545
GCLSTM_k1_h256_lags8_out2_alpha0.01,grafo_original,0.9919006272974936,0.1020434053556314,0.5530422629920614
LSTM_k1_h256_lags8_out2_alpha0.01,grafo_original,0.9984696621698024,0.1059361822648191,0.5471028570123597
GCRN_k1_h256_lags10_out8_alpha0.01,grafo_original,1.2405938228646531,0.118806313414726,0.314391361734682
GCLSTM_k1_h256_lags10_out8_alpha0.01,grafo_original,1.2528991008226238,0.120320872285157,0.3007179151572268
LSTM_k1_h256_lags10_out8_alpha0.01,grafo_original,1.2779747076404808,0.1254887158013568,0.2724416803561484
GCRN_k1_h256_lags2_out13_alpha0.01,grafo_original,1.8000439849092191,0.2223931381366009,-0.4245141797305337
GCLSTM_k1_h256_lags2_out13_alpha0.01,grafo_original,1.7978047769158472,0.2222986575596744,-0.4209941492599544
LSTM_k1_h256_lags2_out13_alpha0.01,grafo_original,1.7218184794767133,0.2174227185714052,-0.3034696981616104
GCRN_k1_h256_lags11_out13_alpha0.01,grafo_original,1.355156219054492,0.1308939218802929,0.1924327742443143
GCLSTM_k1_h256_lags11_out13_alpha0.01,grafo_original,1.36230570350574,0.1319891243425709,0.1838897105752994
LSTM_k1_h256_lags11_out13_alpha0.01,grafo_original,1.368463016756592,0.1329827108678135,0.1764962898071997
GCRN_k1_h256_lags6_out10_alpha0.01,grafo_original,1.2980303537016913,0.133460558023384,0.2542768763583442
GCLSTM_k1_h256_lags6_out10_alpha0.01,grafo_original,1.3049761094018648,0.1344716150229428,0.2462735382826144
LSTM_k1_h256_lags6_out10_alpha0.01,grafo_original,1.3178420087937268,0.1260980580189203,0.2313413366863951
GCRN_k1_h256_lags12_out9_alpha0.01,grafo_original,1.277959144000945,0.1220856184799022,0.2726632590048881
GCLSTM_k1_h256_lags12_out9_alpha0.01,grafo_original,1.285378439632486,0.1216149373475443,0.264185216002652
LSTM_k1_h256_lags12_out9_alpha0.01,grafo_original,1.2985895310687152,0.129155135862169,0.248975843747693
GCRN_k1_h256_lags11_out11_alpha0.01,grafo_original,1.3175084274450088,0.1262942406392462,0.2324827956790871
GCLSTM_k1_h256_lags11_out11_alpha0.01,grafo_original,1.327333231580038,0.1274392901135764,0.2209945445327899
LSTM_k1_h256_lags11_out11_alpha0.01,grafo_original,1.3375314717121791,0.1306316027107439,0.2089763227465207
GCRN_k1_h256_lags7_out11_alpha0.01,grafo_original,1.3139612748203464,0.1327158869321315,0.237897553812063
GCLSTM_k1_h256_lags7_out11_alpha0.01,grafo_original,1.3216532524564053,0.1340636580950342,0.2289509260150319
LSTM_k1_h256_lags7_out11_alpha0.01,grafo_original,1.3424031598422328,0.1268573127258571,0.2045428877514836
GCRN_k1_h256_lags4_out8_alpha0.01,grafo_original,1.2973196458892566,0.1442359627749364,0.2532466688273923
GCLSTM_k1_h256_lags4_out8_alpha0.01,grafo_original,1.307631998052966,0.1462451023168796,0.2413332097045419
LSTM_k1_h256_lags4_out8_alpha0.01,grafo_original,1.3128550136594552,0.1480761915118925,0.2352666922888186
GCRN_k1_h256_lags8_out6_alpha0.01,grafo_original,1.1703952227893328,0.1167200178585105,0.3882981547899305
GCLSTM_k1_h256_lags8_out6_alpha0.01,grafo_original,1.1810044783379037,0.1170232948009452,0.3771501622935224
LSTM_k1_h256_lags8_out6_alpha0.01,grafo_original,1.235434296042454,0.1205057555959961,0.318418991201452
GCRN_k1_h256_lags13_out10_alpha0.01,grafo_original,1.3063003082543176,0.1235374544580019,0.2430185887419641
GCLSTM_k1_h256_lags13_out10_alpha0.01,grafo_original,1.3162008323523864,0.1231473563300704,0.2314996743739232
LSTM_k1_h256_lags13_out10_alpha0.01,grafo_original,1.3173707122571716,0.1301168288406078,0.2301344898233735
GCRN_k1_h256_lags14_out8_alpha0.01,grafo_original,1.2635349786647414,0.1182492861165069,0.2856976630591399
GCLSTM_k1_h256_lags14_out8_alpha0.01,grafo_original,1.2783124268570838,0.1185560365444543,0.2688869917944666
LSTM_k1_h256_lags14_out8_alpha0.01,grafo_original,1.2742696670652869,0.1234417562328401,0.2735143619102457
GCRN_k1_h256_lags7_out3_alpha0.01,grafo_original,1.0405010443271905,0.109969468593968,0.5090039257523896
GCLSTM_k1_h256_lags7_out3_alpha0.01,grafo_original,1.0473127285049084,0.1076859093413733,0.5025341853680731
LSTM_k1_h256_lags7_out3_alpha0.01,grafo_original,1.070789301161009,0.1093885850858074,0.4796374190834033
GCRN_k1_h256_lags4_out6_alpha0.01,grafo_original,1.203164345695642,0.1309681022919105,0.3535622388576363
GCLSTM_k1_h256_lags4_out6_alpha0.01,grafo_original,1.212852896655587,0.1331678070717678,0.3431045278387109
LSTM_k1_h256_lags4_out6_alpha0.01,grafo_original,1.248393810744603,0.1389071260111099,0.3040510376212516
GCRN_k1_h256_lags3_out6_alpha0.01,grafo_original,1.262793954061675,0.1458774495601186,0.2925865121335275
GCLSTM_k1_h256_lags3_out6_alpha0.01,grafo_original,1.2666300038759362,0.1454116092797444,0.2882712175567895
LSTM_k1_h256_lags3_out6_alpha0.01,grafo_original,1.2925004897227963,0.1555386591391824,0.2589453992584151
GCRN_k1_h256_lags13_out2_alpha0.01,grafo_original,1.023495528126405,0.0980270506588005,0.5252515478174156
GCLSTM_k1_h256_lags13_out2_alpha0.01,grafo_original,1.0269172100783095,0.0959925519038325,0.5220455303962447
LSTM_k1_h256_lags13_out2_alpha0.01,grafo_original,0.9323452678060304,0.1046506904336757,0.606047507480446
GCRN_k1_h256_lags7_out5_alpha0.01,grafo_original,1.1320789752037057,0.1148004862389768,0.4251127894417103
GCLSTM_k1_h256_lags7_out5_alpha0.01,grafo_original,1.1416324667455058,0.1153632258871494,0.4153714075983392
LSTM_k1_h256_lags7_out5_alpha0.01,grafo_original,1.2042737476303749,0.1182771232131778,0.3494621826686589
GCRN_k1_h256_lags11_out6_alpha0.01,grafo_original,1.1773395799571604,0.1114491283148656,0.3766251991325443
GCLSTM_k1_h256_lags11_out6_alpha0.01,grafo_original,1.1943198548262672,0.1134930772637533,0.3585036066956455
LSTM_k1_h256_lags11_out6_alpha0.01,grafo_original,1.2205204473401767,0.1224110179181622,0.3300549621567106
GCRN_k1_h256_lags9_out7_alpha0.01,grafo_original,1.2056367262363232,0.1170241726418216,0.3497284698661003
GCLSTM_k1_h256_lags9_out7_alpha0.01,grafo_original,1.2131871792427271,0.1173084135122474,0.3415628886018694
LSTM_k1_h256_lags9_out7_alpha0.01,grafo_original,1.2543739128275475,0.1221860784228866,0.296091433972473
GCRN_k1_h256_lags5_out6_alpha0.01,grafo_original,1.182950478068301,0.1231994476361753,0.3751048409860917
GCLSTM_k1_h256_lags5_out6_alpha0.01,grafo_original,1.1885075834614425,0.1241277981825694,0.3692166306685121
LSTM_k1_h256_lags5_out6_alpha0.01,grafo_original,1.232111549634422,0.1270863334144923,0.3220887541797805
GCRN_k1_h256_lags13_out8_alpha0.01,grafo_original,1.2566852764202143,0.1187188717286986,0.2934198151115152
GCLSTM_k1_h256_lags13_out8_alpha0.01,grafo_original,1.2704253799127354,0.1189135353448936,0.277888497584438
LSTM_k1_h256_lags13_out8_alpha0.01,grafo_original,1.2759610589534374,0.126325356043523,0.2715635082096785
GCRN_k1_h256_lags12_out2_alpha0.01,grafo_original,1.0075079400554006,0.0970514514987329,0.5388623617752016
GCLSTM_k1_h256_lags12_out2_alpha0.01,grafo_original,1.0187324804604567,0.0973040680638906,0.528522032205242
LSTM_k1_h256_lags12_out2_alpha0.01,grafo_original,0.9331203034516145,0.1037335754473622,0.604378423429085
GCRN_k1_h256_lags3_out10_alpha0.01,grafo_original,1.4730930719633677,0.1757090018064549,0.0415676945129579
GCLSTM_k1_h256_lags3_out10_alpha0.01,grafo_original,1.46657224598124,0.1740938122502944,0.0500421395945458
LSTM_k1_h256_lags3_out10_alpha0.01,grafo_original,1.4598534080871666,0.1814897302458595,0.0586786870181176
GCRN_k1_h256_lags3_out4_alpha0.01,grafo_original,1.1153550641194303,0.122562231780191,0.4453352735310382
GCLSTM_k1_h256_lags3_out4_alpha0.01,grafo_original,1.1186768493672994,0.1238071327323075,0.4420225239815074
LSTM_k1_h256_lags3_out4_alpha0.01,grafo_original,1.189745107258963,0.1379260220132881,0.3688776246832876
GCRN_k1_h256_lags2_out8_alpha0.01,grafo_original,1.5101775863886269,0.1818474205678175,-0.0120770542834176
GCLSTM_k1_h256_lags2_out8_alpha0.01,grafo_original,1.4990240574548197,0.1804094631131199,0.0029243057905277
LSTM_k1_h256_lags2_out8_alpha0.01,grafo_original,1.452265713576249,0.1823329783623719,0.0639914670846964
GCRN_k1_h256_lags7_out2_alpha0.01,grafo_original,1.0005049300534072,0.1070253673401682,0.551257721617896
GCLSTM_k1_h256_lags7_out2_alpha0.01,grafo_original,1.003270993741048,0.1044724830910357,0.5487663214661154
LSTM_k1_h256_lags7_out2_alpha0.01,grafo_original,1.0533428458179073,0.1046876133642164,0.5023692529684072
GCRN_k1_h256_lags6_out2_alpha0.01,grafo_original,1.003105481887084,0.1075108879864475,0.5489277791355762
GCLSTM_k1_h256_lags6_out2_alpha0.01,grafo_original,1.003869882679582,0.1056317485845177,0.5482260425187839
LSTM_k1_h256_lags6_out2_alpha0.01,grafo_original,1.0743526041048002,0.1072964160494387,0.482456124231898
GCRN_k1_h256_lags2_out6_alpha0.01,grafo_original,1.3382007754938,0.1563129457491821,0.2055862058598043
GCLSTM_k1_h256_lags2_out6_alpha0.01,grafo_original,1.3240412103088168,0.15489687571796,0.2222474969890715
LSTM_k1_h256_lags2_out6_alpha0.01,grafo_original,1.3196547625909052,0.1631533687181651,0.2274636068027873
GCRN_k1_h256_lags6_out5_alpha0.01,grafo_original,1.1347504938381685,0.1173682712174167,0.4223937010910402
GCLSTM_k1_h256_lags6_out5_alpha0.01,grafo_original,1.1408268554364738,0.1168663338461483,0.4161992440073647
LSTM_k1_h256_lags6_out5_alpha0.01,grafo_original,1.2029783101277725,0.1200686780949915,0.3508575518815557
GCRN_k1_h256_lags13_out11_alpha0.01,grafo_original,1.325770796955832,0.1253323235471607,0.2228269203625633
GCLSTM_k1_h256_lags13_out11_alpha0.01,grafo_original,1.335148300616028,0.1262546363481521,0.2117935796980511
LSTM_k1_h256_lags13_out11_alpha0.01,grafo_original,1.3400437455379306,0.1319981906703441,0.2059951214507604
GCRN_k1_h256_lags1_out7_alpha0.01,grafo_original,1.894474713571652,0.2384370962259818,-0.593688346218169
GCLSTM_k1_h256_lags1_out7_alpha0.01,grafo_original,1.821684889783576,0.2293533751833358,-0.4711178590648915
LSTM_k1_h256_lags1_out7_alpha0.01,grafo_original,1.5430987820403854,0.1930132898295544,-0.0543947496211551
GCRN_k1_h256_lags14_out4_alpha0.01,grafo_original,1.1291704684142403,0.1068636808017539,0.4191104203889343
GCLSTM_k1_h256_lags14_out4_alpha0.01,grafo_original,1.1370275664002922,0.106281005973906,0.4109830089372807
LSTM_k1_h256_lags14_out4_alpha0.01,grafo_original,1.121598184288101,0.1148037207753685,0.4268742637186699
GCRN_k1_h256_lags5_out9_alpha0.01,grafo_original,1.2845839778144548,0.1355285568698331,0.2695887808532227
GCLSTM_k1_h256_lags5_out9_alpha0.01,grafo_original,1.2918901284293811,0.1363995348312211,0.2612575003172893
LSTM_k1_h256_lags5_out9_alpha0.01,grafo_original,1.308004455561382,0.1341805083029068,0.242713369384044
GCRN_k1_h256_lags3_out3_alpha0.01,grafo_original,1.0469749376459787,0.1127024257766708,0.5088778703340158
GCLSTM_k1_h256_lags3_out3_alpha0.01,grafo_original,1.0447706058251858,0.1121349476291049,0.510962752905692
LSTM_k1_h256_lags3_out3_alpha0.01,grafo_original,1.1371100967522645,0.1286800931154272,0.4206738911314875
GCRN_k1_h256_lags6_out1_alpha0.01,grafo_original,0.9547620129729272,0.1053398947527226,0.5939918190745272
GCLSTM_k1_h256_lags6_out1_alpha0.01,grafo_original,0.9579302822984412,0.1018350942163031,0.5912845744757813
LSTM_k1_h256_lags6_out1_alpha0.01,grafo_original,1.0114262336250708,0.0989032708597435,0.5443250095378234
GCRN_k1_h256_lags9_out1_alpha0.01,grafo_original,0.953574477430734,0.0987460753854212,0.5957623722751726
GCLSTM_k1_h256_lags9_out1_alpha0.01,grafo_original,0.9604093395501364,0.0982035749448576,0.5899628483024223
LSTM_k1_h256_lags9_out1_alpha0.01,grafo_original,0.9836786609544326,0.098726377392733,0.5698585007902954
GCRN_k1_h256_lags3_out2_alpha0.01,grafo_original,0.9787354417097636,0.1006048278619747,0.5705778374563983
GCLSTM_k1_h256_lags3_out2_alpha0.01,grafo_original,0.9776823485460288,0.1005524084989029,0.5715007236388907
LSTM_k1_h256_lags3_out2_alpha0.01,grafo_original,1.0808389582160625,0.1180031950783752,0.4763077098782345
GCRN_k1_h256_lags4_out1_alpha0.01,grafo_original,0.9446888066575408,0.0980774174092136,0.6025092473429496
GCLSTM_k1_h256_lags4_out1_alpha0.01,grafo_original,0.9412001574420218,0.0956927694609728,0.6054318228724511
LSTM_k1_h256_lags4_out1_alpha0.01,grafo_original,1.0435619164905234,0.1049978327749353,0.5149571912277466
GCRN_k1_h256_lags12_out1_alpha0.01,grafo_original,0.9688140578339632,0.0959330248116682,0.5827503523775869
GCLSTM_k1_h256_lags12_out1_alpha0.01,grafo_original,0.9795169195665256,0.0943525754541602,0.5734099469475857
LSTM_k1_h256_lags12_out1_alpha0.01,grafo_original,0.9107836683879148,0.1043334405311376,0.6312390481222806
GCRN_k1_h256_lags11_out5_alpha0.01,grafo_original,1.1346980978757195,0.1082887508515804,0.4166575252335098
GCLSTM_k1_h256_lags11_out5_alpha0.01,grafo_original,1.1463682181822907,0.1078252512906034,0.4046036399574735
LSTM_k1_h256_lags11_out5_alpha0.01,grafo_original,1.1794491107081462,0.119266344054074,0.3697067762884388
GCRN_k1_h256_lags6_out6_alpha0.01,grafo_original,1.1733198600752597,0.1200113653108557,0.3852341742035696
GCLSTM_k1_h256_lags6_out6_alpha0.01,grafo_original,1.1795485500045493,0.1198544035451606,0.3786948766427875
LSTM_k1_h256_lags6_out6_alpha0.01,grafo_original,1.232739815555453,0.1217178660923589,0.3213862035900595
GCRN_k1_h256_lags11_out7_alpha0.01,grafo_original,1.2111285679540222,0.1154710778918991,0.3437929339066238
GCLSTM_k1_h256_lags11_out7_alpha0.01,grafo_original,1.226025353635267,0.1159763339831983,0.3275421128692072
LSTM_k1_h256_lags11_out7_alpha0.01,grafo_original,1.245345814652464,0.1246196153104883,0.3061876389267131
GCRN_k1_h256_lags5_out14_alpha0.01,grafo_original,1.4009483621805756,0.1509402283237367,0.1385263207944017
GCLSTM_k1_h256_lags5_out14_alpha0.01,grafo_original,1.4136822803597997,0.1536804073530277,0.1227939706495962
LSTM_k1_h256_lags5_out14_alpha0.01,grafo_original,1.3874702489428732,0.1434053527158915,0.155027727650813
GCRN_k1_h256_lags6_out14_alpha0.01,grafo_original,1.3754853619378318,0.1431586111715821,0.1698014160861743
GCLSTM_k1_h256_lags6_out14_alpha0.01,grafo_original,1.3839229678178655,0.1445182720014774,0.1595856965385948
LSTM_k1_h256_lags6_out14_alpha0.01,grafo_original,1.376132188826551,0.1327913761783958,0.1690248552252743
GCRN_k1_h256_lags13_out6_alpha0.01,grafo_original,1.1961161215366238,0.1136786163808112,0.3565758669151782
GCLSTM_k1_h256_lags13_out6_alpha0.01,grafo_original,1.2063514044623882,0.1128833724000851,0.3455118149512268
LSTM_k1_h256_lags13_out6_alpha0.01,grafo_original,1.2119083200877414,0.1200557308499864,0.3394815604303371
GCRN_k1_h256_lags1_out5_alpha0.01,grafo_original,1.5900392285975808,0.2014596200871713,-0.1243713715685061
GCLSTM_k1_h256_lags1_out5_alpha0.01,grafo_original,1.62284280947731,0.2058811697014669,-0.1742818372217108
LSTM_k1_h256_lags1_out5_alpha0.01,grafo_original,1.3589522115572392,0.1715804138955187,0.1789892769148793
GCRN_k1_h256_lags5_out5_alpha0.01,grafo_original,1.13593525948019,0.1175674139690087,0.4211988371381576
GCLSTM_k1_h256_lags5_out5_alpha0.01,grafo_original,1.144520282111896,0.1195602975895238,0.412412456673325
LSTM_k1_h256_lags5_out5_alpha0.01,grafo_original,1.1992099055073198,0.1241093370727191,0.3549217829577854
GCRN_k1_h256_lags5_out1_alpha0.01,grafo_original,0.9621463499913444,0.1047837877376637,0.5876847410131514
GCLSTM_k1_h256_lags5_out1_alpha0.01,grafo_original,0.9581035480167543,0.1011473385024064,0.5911438978500433
LSTM_k1_h256_lags5_out1_alpha0.01,grafo_original,1.0364827626857265,0.1022899954234888,0.5215142090873172
GCRN_k1_h256_lags4_out7_alpha0.01,grafo_original,1.2556770563286648,0.13898455618198,0.2983704364465612
GCLSTM_k1_h256_lags4_out7_alpha0.01,grafo_original,1.265062379337681,0.1407298614842476,0.2878365266111571
LSTM_k1_h256_lags4_out7_alpha0.01,grafo_original,1.2812621956956844,0.1430662329678714,0.2695037250118655
GCRN_k1_h256_lags3_out8_alpha0.01,grafo_original,1.380232247081277,0.162969898447516,0.1547103804209632
GCLSTM_k1_h256_lags3_out8_alpha0.01,grafo_original,1.37483204852288,0.1612161426249573,0.1613384031520676
LSTM_k1_h256_lags3_out8_alpha0.01,grafo_original,1.3771271592169838,0.1685730115962462,0.1585163465922453
GCRN_k1_h256_lags2_out1_alpha0.01,grafo_original,0.9456737742291546,0.0943867735761716,0.6124152039762165
GCLSTM_k1_h256_lags2_out1_alpha0.01,grafo_original,0.939061508977342,0.0915053301250937,0.6178151141015178
LSTM_k1_h256_lags2_out1_alpha0.01,grafo_original,1.0443654014378918,0.1099375910572482,0.5272970485399874
GCRN_k1_h256_lags10_out14_alpha0.01,grafo_original,1.366896620272424,0.1343482964524376,0.1801405285605617
GCLSTM_k1_h256_lags10_out14_alpha0.01,grafo_original,1.372929294455154,0.1351209299962369,0.1728884295651893
LSTM_k1_h256_lags10_out14_alpha0.01,grafo_original,1.3815048045591207,0.1325614159982003,0.1625223440314376
GCRN_k1_h256_lags14_out13_alpha0.01,grafo_original,1.3619441687575415,0.1272300594989616,0.1837413447184904
GCLSTM_k1_h256_lags14_out13_alpha0.01,grafo_original,1.3717294531418918,0.1287883317308787,0.1719686589613846
LSTM_k1_h256_lags14_out13_alpha0.01,grafo_original,1.36651633675477,0.1308537232123721,0.178251970553488
GCRN_k1_h256_lags1_out13_alpha0.01,grafo_original,2.300292559151171,0.2902160559248389,-1.3304259751930456
GCLSTM_k1_h256_lags1_out13_alpha0.01,grafo_original,2.3591821287358896,0.2968421859031386,-1.4472975972073137
LSTM_k1_h256_lags1_out13_alpha0.01,grafo_original,2.0208627350153776,0.247991864847134,-0.7956571755255363
GCRN_k1_h256_lags2_out2_alpha0.01,grafo_original,0.9930630124346164,0.1023271122939791,0.5660901166164366
GCLSTM_k1_h256_lags2_out2_alpha0.01,grafo_original,0.9883575915116204,0.0987504409516314,0.5701898398075875
LSTM_k1_h256_lags2_out2_alpha0.01,grafo_original,1.077987366881651,0.121749048124038,0.4887055089859288
GCRN_k1_h256_lags9_out12_alpha0.01,grafo_original,1.3307890377618314,0.1311561085003446,0.2192633507625428
GCLSTM_k1_h256_lags9_out12_alpha0.01,grafo_original,1.340044487219761,0.1323697101034942,0.2083644698490692
LSTM_k1_h256_lags9_out12_alpha0.01,grafo_original,1.359216751633798,0.1294693567335409,0.1855491628517928
GCRN_k1_h256_lags4_out12_alpha0.01,grafo_original,1.4472163027897351,0.1671215420088572,0.0773982874607511
GCLSTM_k1_h256_lags4_out12_alpha0.01,grafo_original,1.4540291374950476,0.1677428411917581,0.0687826353741356
LSTM_k1_h256_lags4_out12_alpha0.01,grafo_original,1.4139659268135496,0.1635827029274853,0.1194123142736255
GCRN_k1_h256_lags12_out7_alpha0.01,grafo_original,1.2218705772911118,0.1161747618059159,0.3320907871954471
GCLSTM_k1_h256_lags12_out7_alpha0.01,grafo_original,1.2358545216440948,0.1154022482200459,0.3167259904027757
LSTM_k1_h256_lags12_out7_alpha0.01,grafo_original,1.2454694375559905,0.1249084518423816,0.3060495980524187
GCRN_k1_h256_lags10_out3_alpha0.01,grafo_original,1.049796662982478,0.1016166615565378,0.5001773531127679
GCLSTM_k1_h256_lags10_out3_alpha0.01,grafo_original,1.0526772239369702,0.101635988329159,0.4974471111656297
LSTM_k1_h256_lags10_out3_alpha0.01,grafo_original,1.0504713802879286,0.1114935400675725,0.4995521106578645
GCRN_k1_h256_lags11_out10_alpha0.01,grafo_original,1.296318361852938,0.1235821946194675,0.2545399266779419
GCLSTM_k1_h256_lags11_out10_alpha0.01,grafo_original,1.3028133151026005,0.1247288763411084,0.2470473548849864
LSTM_k1_h256_lags11_out10_alpha0.01,grafo_original,1.3214212347772674,0.129965300291136,0.2253896411100078
GCRN_k1_h256_lags2_out12_alpha0.01,grafo_original,1.7577924551760742,0.2165674641605131,-0.3602840201087054
GCLSTM_k1_h256_lags2_out12_alpha0.01,grafo_original,1.7506743388878885,0.2150634651109969,-0.3492340042361746
LSTM_k1_h256_lags2_out12_alpha0.01,grafo_original,1.6717100411469297,0.2113716203733286,-0.2302542052485413
GCRN_k1_h256_lags7_out8_alpha0.01,grafo_original,1.2383626045631149,0.1242531200884917,0.3168520734680243
GCLSTM_k1_h256_lags7_out8_alpha0.01,grafo_original,1.2452014571035572,0.1253811583959536,0.3092860529499391
LSTM_k1_h256_lags7_out8_alpha0.01,grafo_original,1.2903624543613847,0.1243326790575285,0.2582786084674943
GCRN_k1_h256_lags2_out7_alpha0.01,grafo_original,1.4501782001152108,0.1738075236977641,0.0686804204261691
GCLSTM_k1_h256_lags2_out7_alpha0.01,grafo_original,1.4345719350992785,0.1713173202043928,0.088649359426896
LSTM_k1_h256_lags2_out7_alpha0.01,grafo_original,1.3919072659981269,0.1744888794869437,0.1421652119569272
GCRN_k1_h256_lags2_out14_alpha0.01,grafo_original,1.8379405087213168,0.226945131328262,-0.4828052862070812
GCLSTM_k1_h256_lags2_out14_alpha0.01,grafo_original,1.8197081815646745,0.2246885826991659,-0.453626651213775
LSTM_k1_h256_lags2_out14_alpha0.01,grafo_original,1.775022358705882,0.223413782830755,-0.3830017966092426
GCRN_k1_h256_lags6_out8_alpha0.01,grafo_original,1.245348404761475,0.1276078065183688,0.3118956666433062
GCLSTM_k1_h256_lags6_out8_alpha0.01,grafo_original,1.2522244864536454,0.1279881538822951,0.3042781524643917
LSTM_k1_h256_lags6_out8_alpha0.01,grafo_original,1.2841200772412995,0.125368980424299,0.2683853585125666
GCRN_k1_h256_lags7_out12_alpha0.01,grafo_original,1.3348510275464782,0.135341758247883,0.2152032509427128
GCLSTM_k1_h256_lags7_out12_alpha0.01,grafo_original,1.341843470612384,0.1369419563880521,0.2069637214643455
LSTM_k1_h256_lags7_out12_alpha0.01,grafo_original,1.3568643636996849,0.1277059007608451,0.1891059480172662
GCRN_k1_h256_lags2_out10_alpha0.01,grafo_original,1.6312660920780782,0.1996450626578266,-0.1757519981243149
GCLSTM_k1_h256_lags2_out10_alpha0.01,grafo_original,1.6263398529368658,0.1977674147851154,-0.1683977143733767
LSTM_k1_h256_lags2_out10_alpha0.01,grafo_original,1.5629852423388295,0.1979935151777679,-0.0789380395196615
GCRN_k1_h256_lags2_out11_alpha0.01,grafo_original,1.6783884364271375,0.2052762729009666,-0.2419418822147124
GCLSTM_k1_h256_lags2_out11_alpha0.01,grafo_original,1.671945117400906,0.2040275582435454,-0.2324519908705593
LSTM_k1_h256_lags2_out11_alpha0.01,grafo_original,1.6064954062344128,0.2035468159420362,-0.13788221279017
GCRN_k1_h256_lags14_out5_alpha0.01,grafo_original,1.1650110905347115,0.1102425436029384,0.3850691754802123
GCLSTM_k1_h256_lags14_out5_alpha0.01,grafo_original,1.1817988825302186,0.110476249081786,0.3672289254582562
LSTM_k1_h256_lags14_out5_alpha0.01,grafo_original,1.170480951621674,0.1184322376499289,0.3792300980724672
GCRN_k1_h256_lags14_out1_alpha0.01,grafo_original,0.991150369773928,0.0945450043850293,0.5646335528013589
GCLSTM_k1_h256_lags14_out1_alpha0.01,grafo_original,0.993388213890454,0.0946486424680944,0.5626756922043331
LSTM_k1_h256_lags14_out1_alpha0.01,grafo_original,0.8833151217352244,0.1002792949075642,0.6542218202650469
GCRN_k1_h256_lags6_out7_alpha0.01,grafo_original,1.2089613362307603,0.1237937465761785,0.3496234335338112
GCLSTM_k1_h256_lags6_out7_alpha0.01,grafo_original,1.2197578347795406,0.1250811233430492,0.3379552334386403
LSTM_k1_h256_lags6_out7_alpha0.01,grafo_original,1.2586356749382868,0.1224225368734946,0.2950785293295249
GCRN_k1_h256_lags1_out9_alpha0.01,grafo_original,2.0917079142497688,0.2631159726838672,-0.94558174447491
GCLSTM_k1_h256_lags1_out9_alpha0.01,grafo_original,2.08328859459398,0.2626669176359527,-0.9230141702256988
LSTM_k1_h256_lags1_out9_alpha0.01,grafo_original,1.697890930652973,0.2106228317037858,-0.2762089361301597
GCRN_k1_h256_lags1_out8_alpha0.01,grafo_original,1.9399358712915595,0.2451025609164131,-0.6729775788103676
GCLSTM_k1_h256_lags1_out8_alpha0.01,grafo_original,1.8925557912192823,0.2404325648121318,-0.5871267832776722
LSTM_k1_h256_lags1_out8_alpha0.01,grafo_original,1.6494663047322355,0.2053751871966541,-0.2029929669017743
GCRN_k1_h256_lags1_out3_alpha0.01,grafo_original,1.510561058432993,0.1928634106788911,-0.0297712596386459
GCLSTM_k1_h256_lags1_out3_alpha0.01,grafo_original,1.4118714964456425,0.1801210084325764,0.118658754379042
LSTM_k1_h256_lags1_out3_alpha0.01,grafo_original,1.2021253963009235,0.1494363599281378,0.3638159916204913
GCRN_k1_h256_lags10_out2_alpha0.01,grafo_original,0.986017858974096,0.0977200549275514,0.5583040821682459
GCLSTM_k1_h256_lags10_out2_alpha0.01,grafo_original,0.9974434685226876,0.0973825525129059,0.5480295395426618
LSTM_k1_h256_lags10_out2_alpha0.01,grafo_original,1.0094061537575612,0.1074896049878781,0.5371133090335511
GCRN_k1_h256_lags6_out11_alpha0.01,grafo_original,1.317872687927837,0.135459841078082,0.2333539729791102
GCLSTM_k1_h256_lags6_out11_alpha0.01,grafo_original,1.328562661593168,0.137848281832165,0.2208660906508263
LSTM_k1_h256_lags6_out11_alpha0.01,grafo_original,1.3373665279068727,0.1295299420969414,0.2105032691115131
GCRN_k1_h256_lags3_out11_alpha0.01,grafo_original,1.5087894752329096,0.1805999552295612,-0.0037369614292636
GCLSTM_k1_h256_lags3_out11_alpha0.01,grafo_original,1.519319279901429,0.1831128395682114,-0.0176877985344909
LSTM_k1_h256_lags3_out11_alpha0.01,grafo_original,1.4885038537916704,0.1851644620670869,0.023118885176395
GCRN_k1_h256_lags7_out14_alpha0.01,grafo_original,1.3696623014114555,0.1390591691548228,0.1768187855181717
GCLSTM_k1_h256_lags7_out14_alpha0.01,grafo_original,1.3749994434019412,0.1409071224812476,0.1703912105045183
LSTM_k1_h256_lags7_out14_alpha0.01,grafo_original,1.379088212063467,0.130251619189181,0.1654483912564792
GCRN_k1_h256_lags14_out11_alpha0.01,grafo_original,1.3305224665350397,0.1243416672680322,0.2157263126077596
GCLSTM_k1_h256_lags14_out11_alpha0.01,grafo_original,1.3394278756489146,0.1248698706576674,0.2051901743269075
LSTM_k1_h256_lags14_out11_alpha0.01,grafo_original,1.3361920755280177,0.1285111816000426,0.2090289116252116
GCRN_k1_h256_lags14_out6_alpha0.01,grafo_original,1.2040638463272342,0.1132577271576616,0.3428137510736481
GCLSTM_k1_h256_lags14_out6_alpha0.01,grafo_original,1.2166544549697589,0.112535534340609,0.3289942257772678
LSTM_k1_h256_lags14_out6_alpha0.01,grafo_original,1.2125402346034853,0.1179996153033566,0.3335287248706535
GCRN_k1_h256_lags11_out12_alpha0.01,grafo_original,1.3356487271835598,0.1289675257537123,0.2135502913651974
GCLSTM_k1_h256_lags11_out12_alpha0.01,grafo_original,1.34563157700318,0.1301106164056013,0.2017504259694002
LSTM_k1_h256_lags11_out12_alpha0.01,grafo_original,1.3537945843042003,0.1319959765542329,0.1920319780620304
GCRN_k1_h256_lags3_out9_alpha0.01,grafo_original,1.4345988612019336,0.1711122292171942,0.0888885761052597
GCLSTM_k1_h256_lags3_out9_alpha0.01,grafo_original,1.433385493104863,0.1703087677666609,0.0905137502560363
LSTM_k1_h256_lags3_out9_alpha0.01,grafo_original,1.4202989511593531,0.1755151573283226,0.1070952691375509
GCRN_k1_h256_lags10_out1_alpha0.01,grafo_original,0.9575044739524132,0.098350941022097,0.5923887637715674
GCLSTM_k1_h256_lags10_out1_alpha0.01,grafo_original,0.96039881079832,0.095689989170912,0.5899608103683116
LSTM_k1_h256_lags10_out1_alpha0.01,grafo_original,0.9790494971419216,0.0993586435004783,0.5738972088458765
GCRN_k1_h256_lags11_out3_alpha0.01,grafo_original,1.0479239239749876,0.100211237352345,0.5019393815119354
GCLSTM_k1_h256_lags11_out3_alpha0.01,grafo_original,1.0638767166816672,0.1015103573258319,0.4866884783509932
LSTM_k1_h256_lags11_out3_alpha0.01,grafo_original,1.053925748216282,0.1124897807677126,0.4962561664651286
GCRN_k1_h256_lags10_out7_alpha0.01,grafo_original,1.2074633603340517,0.1158616663987672,0.3477502738854602
GCLSTM_k1_h256_lags10_out7_alpha0.01,grafo_original,1.219861382987189,0.1168799014848031,0.3342891967535746
LSTM_k1_h256_lags10_out7_alpha0.01,grafo_original,1.259479473949138,0.1249143003204792,0.2903441687810681
GCRN_k1_h256_lags4_out4_alpha0.01,grafo_original,1.101896129244286,0.1157531289157794,0.4586472618039424
GCLSTM_k1_h256_lags4_out4_alpha0.01,grafo_original,1.1037438367127697,0.1152041940631971,0.4568291942645714
LSTM_k1_h256_lags4_out4_alpha0.01,grafo_original,1.1772524999344602,0.1282189191843238,0.382072890073269
GCRN_k1_h256_lags8_out1_alpha0.01,grafo_original,0.952827218261995,0.1032258117014277,0.5956320400230497
GCLSTM_k1_h256_lags8_out1_alpha0.01,grafo_original,0.951661022228762,0.1000574799261201,0.5965835148202243
LSTM_k1_h256_lags8_out1_alpha0.01,grafo_original,0.981685203499864,0.0984439757183556,0.5707650466259463
GCRN_k1_h256_lags12_out13_alpha0.01,grafo_original,1.3555330644384018,0.129860621763385,0.1914064963401569
GCLSTM_k1_h256_lags12_out13_alpha0.01,grafo_original,1.3628681193701566,0.1306576132499276,0.1826348563583534
LSTM_k1_h256_lags12_out13_alpha0.01,grafo_original,1.370527664630164,0.1347819269480175,0.1734166583634365
GCRN_k1_h256_lags9_out14_alpha0.01,grafo_original,1.3665784659298992,0.1343025348304057,0.1805228222850834
GCLSTM_k1_h256_lags9_out14_alpha0.01,grafo_original,1.3747005385751896,0.1361241741136714,0.1707517511488396
LSTM_k1_h256_lags9_out14_alpha0.01,grafo_original,1.38370053857354,0.1316412768921954,0.1598496234340536
GCRN_k1_h256_lags4_out11_alpha0.01,grafo_original,1.4043446919109377,0.1603638957903757,0.129433196829275
GCLSTM_k1_h256_lags4_out11_alpha0.01,grafo_original,1.41426101561393,0.1620532085679015,0.1170732630703253
LSTM_k1_h256_lags4_out11_alpha0.01,grafo_original,1.384347808248363,0.1586045288232367,0.1540544117133248
GCRN_k1_h256_lags2_out4_alpha0.01,grafo_original,1.1690848170593893,0.1331666182094679,0.3905682336492895
GCLSTM_k1_h256_lags2_out4_alpha0.01,grafo_original,1.154571719638488,0.1302687265650441,0.4056301041419122
LSTM_k1_h256_lags2_out4_alpha0.01,grafo_original,1.1867646628683937,0.1424223564158233,0.3720175351848264
GCRN_k1_h256_lags3_out13_alpha0.01,grafo_original,1.5978333014572643,0.1933403907139274,-0.1225958741609592
GCLSTM_k1_h256_lags3_out13_alpha0.01,grafo_original,1.5962787570418713,0.1929674720681615,-0.1202257625585521
LSTM_k1_h256_lags3_out13_alpha0.01,grafo_original,1.551320366298662,0.1931153951730082,-0.0582401542613664
GCRN_k1_h256_lags4_out10_alpha0.01,grafo_original,1.3713226268766676,0.154785830320038,0.1694452845586032
GCLSTM_k1_h256_lags4_out10_alpha0.01,grafo_original,1.3886988503170383,0.1580680924058833,0.1481958126111076
LSTM_k1_h256_lags4_out10_alpha0.01,grafo_original,1.3672874915399729,0.1565313870992062,0.174348095200826
GCRN_k1_h256_lags7_out6_alpha0.01,grafo_original,1.1725727228956946,0.1184992404826352,0.386009332039069
GCLSTM_k1_h256_lags7_out6_alpha0.01,grafo_original,1.1800926439799382,0.1191863474243284,0.3781202934897045
LSTM_k1_h256_lags7_out6_alpha0.01,grafo_original,1.239381792094995,0.1209954363286408,0.3140630675123753
GCRN_k1_h256_lags13_out4_alpha0.01,grafo_original,1.1153297539633449,0.1061708824602543,0.4332441472914279
GCLSTM_k1_h256_lags13_out4_alpha0.01,grafo_original,1.1220733924695718,0.1048602511396104,0.426385816212908
LSTM_k1_h256_lags13_out4_alpha0.01,grafo_original,1.111993472502732,0.114026124203902,0.4366476583945785
GCRN_k1_h256_lags8_out11_alpha0.01,grafo_original,1.3111223171701447,0.1301900184296602,0.2411889019342761
GCLSTM_k1_h256_lags8_out11_alpha0.01,grafo_original,1.31919382888437,0.1311771026915575,0.2318150811643971
LSTM_k1_h256_lags8_out11_alpha0.01,grafo_original,1.345851527985246,0.127615033981581,0.2004576065494184
GCRN_k1_h256_lags5_out13_alpha0.01,grafo_original,1.3873113169193418,0.1496996048943692,0.153879793824308
GCLSTM_k1_h256_lags5_out13_alpha0.01,grafo_original,1.398651561693849,0.1523356383618645,0.1399860714423909
LSTM_k1_h256_lags5_out13_alpha0.01,grafo_original,1.3752816203031486,0.1422417775937746,0.1684919175530493
GCRN_k1_h256_lags9_out4_alpha0.01,grafo_original,1.0826173636562884,0.1060397846324707,0.4705566786636913
GCLSTM_k1_h256_lags9_out4_alpha0.01,grafo_original,1.0955266854309655,0.1076497007946437,0.4578565202658127
LSTM_k1_h256_lags9_out4_alpha0.01,grafo_original,1.1350805856725652,0.1132812146009962,0.4180058040136354
GCRN_k1_h256_lags2_out9_alpha0.01,grafo_original,1.5915831242359375,0.1937297394966247,-0.1212797732391997
GCLSTM_k1_h256_lags2_out9_alpha0.01,grafo_original,1.5553099754614472,0.1867800282830579,-0.0707924052026222
LSTM_k1_h256_lags2_out9_alpha0.01,grafo_original,1.5069729613588518,0.1902651032416029,-0.0053603471212791
GCRN_k1_h256_lags14_out7_alpha0.01,grafo_original,1.2369545570072755,0.1159337092092958,0.3115801551132651
GCLSTM_k1_h256_lags14_out7_alpha0.01,grafo_original,1.250482743494651,0.1162775588429698,0.2964507911058356
LSTM_k1_h256_lags14_out7_alpha0.01,grafo_original,1.247516049079328,0.1218530388612703,0.2997869170000444
GCRN_k1_h256_lags12_out8_alpha0.01,grafo_original,1.252610088674052,0.1194190511799497,0.2980012827107584
GCLSTM_k1_h256_lags12_out8_alpha0.01,grafo_original,1.2666054199332089,0.1190075170460298,0.2822230534352791
LSTM_k1_h256_lags12_out8_alpha0.01,grafo_original,1.2802484478263931,0.1281825328564369,0.2666595226009671
GCRN_k1_h256_lags5_out10_alpha0.01,grafo_original,1.3086070262593017,0.1383016953568275,0.2420692001648031
GCLSTM_k1_h256_lags5_out10_alpha0.01,grafo_original,1.3195071210991531,0.140356432491335,0.2293926982116919
LSTM_k1_h256_lags5_out10_alpha0.01,grafo_original,1.3260398108246134,0.1369916628917074,0.221743684896273
GCRN_k1_h256_lags3_out14_alpha0.01,grafo_original,1.614676173014391,0.1947308518497566,-0.1445080903029625
GCLSTM_k1_h256_lags3_out14_alpha0.01,grafo_original,1.6285090553590944,0.1974086716617639,-0.1642154149476477
LSTM_k1_h256_lags3_out14_alpha0.01,grafo_original,1.6026895257733318,0.2009146110366856,-0.127631436839894
GCRN_k1_h256_lags2_out3_alpha0.01,grafo_original,1.073858510013722,0.1182299263919851,0.4832765214593484
GCLSTM_k1_h256_lags2_out3_alpha0.01,grafo_original,1.0513009601795744,0.1127615576959052,0.5048036531997838
LSTM_k1_h256_lags2_out3_alpha0.01,grafo_original,1.123224409190108,0.1317428096297083,0.4347408344982241
GCRN_k1_h256_lags11_out9_alpha0.01,grafo_original,1.2705579873765054,0.1214281497985349,0.2810639462777943
GCLSTM_k1_h256_lags11_out9_alpha0.01,grafo_original,1.2799233717649896,0.1229581600426485,0.270415570346976
LSTM_k1_h256_lags11_out9_alpha0.01,grafo_original,1.2976588513130716,0.1284588487244547,0.2500630119566948
GCRN_k1_h256_lags4_out5_alpha0.01,grafo_original,1.1585861778494235,0.1241068208084329,0.4032641283749711
GCLSTM_k1_h256_lags4_out5_alpha0.01,grafo_original,1.1639478298484462,0.1247604809026627,0.3977298619546547
LSTM_k1_h256_lags4_out5_alpha0.01,grafo_original,1.2170341019075106,0.1339382537055114,0.341544055317259
GCRN_k1_h256_lags3_out12_alpha0.01,grafo_original,1.5608914323631673,0.1881753857642944,-0.0731678613977893
GCLSTM_k1_h256_lags3_out12_alpha0.01,grafo_original,1.5501385848412044,0.1866830538835446,-0.0585035580581347
LSTM_k1_h256_lags3_out12_alpha0.01,grafo_original,1.5319553796678145,0.1917365322643572,-0.0337604504273422
GCRN_k1_h256_lags12_out12_alpha0.01,grafo_original,1.340449263628403,0.1282944620274508,0.2078863371482496
GCLSTM_k1_h256_lags12_out12_alpha0.01,grafo_original,1.3487702236761645,0.1286212193525434,0.1980235358848327
LSTM_k1_h256_lags12_out12_alpha0.01,grafo_original,1.3562914725879875,0.1340924778590848,0.1890456578070793
GCRN_k1_h256_lags12_out4_alpha0.01,grafo_original,1.1076486053574743,0.1047302581994599,0.4410321772277896
GCLSTM_k1_h256_lags12_out4_alpha0.01,grafo_original,1.1152512268239445,0.1044336389922704,0.4333348567003118
LSTM_k1_h256_lags12_out4_alpha0.01,grafo_original,1.1025042482958238,0.1156718026325215,0.4462063847498156
GCRN_k1_h256_lags5_out8_alpha0.01,grafo_original,1.2562290118348014,0.1328581512153089,0.299816704440622
GCLSTM_k1_h256_lags5_out8_alpha0.01,grafo_original,1.263656992599119,0.1337285585977859,0.2915069738023844
LSTM_k1_h256_lags5_out8_alpha0.01,grafo_original,1.2878358957499934,0.1330307261917296,0.2641444069985094
GCRN_k1_h256_lags13_out7_alpha0.01,grafo_original,1.228058451193554,0.1162687251125193,0.3214456180755861
GCLSTM_k1_h256_lags13_out7_alpha0.01,grafo_original,1.2404420417266089,0.1159669522736962,0.3076922755286475
LSTM_k1_h256_lags13_out7_alpha0.01,grafo_original,1.241613241615379,0.1225292087891508,0.3063955205947237
GCRN_k1_h256_lags13_out1_alpha0.01,grafo_original,0.9815029381875602,0.0948202858487222,0.571748520759076
GCLSTM_k1_h256_lags13_out1_alpha0.01,grafo_original,0.9794679881646852,0.0934164285800843,0.5734846623387879
LSTM_k1_h256_lags13_out1_alpha0.01,grafo_original,0.9076187387538338,0.0985186152984327,0.6336954437254952
GCRN_k1_h256_lags10_out4_alpha0.01,grafo_original,1.0896111553615555,0.1047924397794991,0.4636927572429119
GCLSTM_k1_h256_lags10_out4_alpha0.01,grafo_original,1.1003206329571007,0.1058785163846561,0.4531013896855185
LSTM_k1_h256_lags10_out4_alpha0.01,grafo_original,1.1339444350213548,0.1144829053353515,0.4191676867586308
GCRN_k1_h256_lags7_out9_alpha0.01,grafo_original,1.2660683595161435,0.1273400367134784,0.2884660624163572
GCLSTM_k1_h256_lags7_out9_alpha0.01,grafo_original,1.273841063765073,0.1280948555078181,0.2797040738480022
LSTM_k1_h256_lags7_out9_alpha0.01,grafo_original,1.3064193593301971,0.1246891020682311,0.2423874375199328
GCRN_k1_h256_lags4_out2_alpha0.01,grafo_original,0.9897954009764994,0.0998690196348495,0.5608165266792071
GCLSTM_k1_h256_lags4_out2_alpha0.01,grafo_original,0.98818744150558,0.0977124309714601,0.562242896194595
LSTM_k1_h256_lags4_out2_alpha0.01,grafo_original,1.053961127998264,0.1148079619344434,0.5016645007898108
GCRN_k1_h256_lags7_out4_alpha0.01,grafo_original,1.0833208720418264,0.1113710739927891,0.4698730170714827
GCLSTM_k1_h256_lags7_out4_alpha0.01,grafo_original,1.093950414776665,0.1112916464011588,0.4594159317716283
LSTM_k1_h256_lags7_out4_alpha0.01,grafo_original,1.1575967895314825,0.1138199295167052,0.3946773130217625
GCRN_k1_h256_lags9_out8_alpha0.01,grafo_original,1.235612296672093,0.1196580128331779,0.3198836352783739
GCLSTM_k1_h256_lags9_out8_alpha0.01,grafo_original,1.2478548784542718,0.1210924148302784,0.3063387050517058
LSTM_k1_h256_lags9_out8_alpha0.01,grafo_original,1.2837583659098106,0.1247438720974519,0.2658398508004223
GCRN_k1_h256_lags7_out13_alpha0.01,grafo_original,1.3527112289725771,0.1363332593892564,0.1953476416024064
GCLSTM_k1_h256_lags7_out13_alpha0.01,grafo_original,1.359013860240466,0.1385128447591937,0.1878329096097161
LSTM_k1_h256_lags7_out13_alpha0.01,grafo_original,1.3679112924105483,0.1292834063110257,0.1771610906858389
GCRN_k1_h256_lags14_out10_alpha0.01,grafo_original,1.3104541717193,0.1226745668743997,0.2381950073774921
GCLSTM_k1_h256_lags14_out10_alpha0.01,grafo_original,1.32261273991936,0.1241380206686675,0.2239944366678218
LSTM_k1_h256_lags14_out10_alpha0.01,grafo_original,1.320150641946093,0.1271531071377913,0.2268823494309217
GCRN_k1_h256_lags12_out14_alpha0.01,grafo_original,1.369667816415547,0.1312215591801053,0.1767172152474359
GCLSTM_k1_h256_lags12_out14_alpha0.01,grafo_original,1.3766620817275346,0.1323690749837324,0.1682866897808683
LSTM_k1_h256_lags12_out14_alpha0.01,grafo_original,1.3819405127385656,0.1355563425833434,0.161893159066022
GCRN_k1_h256_lags10_out12_alpha0.01,grafo_original,1.3342780190914598,0.1297898575119833,0.2151638636701038
GCLSTM_k1_h256_lags10_out12_alpha0.01,grafo_original,1.3420237340190873,0.1304296376380143,0.2060240422460507
LSTM_k1_h256_lags10_out12_alpha0.01,grafo_original,1.3535878058030346,0.1313206614272644,0.1922795623493803
GCRN_k1_h256_lags8_out13_alpha0.01,grafo_original,1.347384560150258,0.1339284516975785,0.2016723416627833
GCLSTM_k1_h256_lags8_out13_alpha0.01,grafo_original,1.3562824710975694,0.1362638612116436,0.1910925401243599
LSTM_k1_h256_lags8_out13_alpha0.01,grafo_original,1.373411374327009,0.1302764565776397,0.1705333035975182
GCRN_k1_h256_lags1_out1_alpha0.01,grafo_original,1.246633906828757,0.1556785771253861,0.3252122731939165
GCLSTM_k1_h256_lags1_out1_alpha0.01,grafo_original,1.322942072193651,0.1692303346980093,0.2383162027207873
LSTM_k1_h256_lags1_out1_alpha0.01,grafo_original,1.0615788136682365,0.1207157697036787,0.5115816499562181
GCRN_k1_h256_lags1_out10_alpha0.01,grafo_original,2.186623915233992,0.2749719997950468,-1.115283818758074
GCLSTM_k1_h256_lags1_out10_alpha0.01,grafo_original,2.1093796656914554,0.2657704430271447,-0.969808556131038
LSTM_k1_h256_lags1_out10_alpha0.01,grafo_original,1.7835754798453212,0.2200796509476522,-0.4056963212362977
GCRN_k1_h256_lags5_out2_alpha0.01,grafo_original,0.9998957136097316,0.1068660727935919,0.5518031512658219
GCLSTM_k1_h256_lags5_out2_alpha0.01,grafo_original,0.9979070385332351,0.1026103764842795,0.5535857846720633
LSTM_k1_h256_lags5_out2_alpha0.01,grafo_original,1.0544147360816447,0.1100152688650727,0.5013791377600731
GCRN_k1_h256_lags6_out9_alpha0.01,grafo_original,1.2693607633615993,0.1300672574032624,0.2847641454132115
GCLSTM_k1_h256_lags6_out9_alpha0.01,grafo_original,1.2765748117792577,0.1311334868779351,0.2766129216436236
LSTM_k1_h256_lags6_out9_alpha0.01,grafo_original,1.3001176803193917,0.1253185504772813,0.249684931795333
GCRN_k1_h256_lags14_out12_alpha0.01,grafo_original,1.3453210583092956,0.1256721601131441,0.2009882797680038
GCLSTM_k1_h256_lags14_out12_alpha0.01,grafo_original,1.354420465963573,0.1262947234044849,0.1901426287522341
LSTM_k1_h256_lags14_out12_alpha0.01,grafo_original,1.3519053014718172,0.1298268637184216,0.1931484423373594
GCRN_k1_h256_lags5_out3_alpha0.01,grafo_original,1.049622609652339,0.1093068227831481,0.5064037148104262
GCLSTM_k1_h256_lags5_out3_alpha0.01,grafo_original,1.0511227643245078,0.1069850349911341,0.5049980924894933
LSTM_k1_h256_lags5_out3_alpha0.01,grafo_original,1.114578443527727,0.1180341773498565,0.4427938198656467
GCRN_k1_h256_lags12_out11_alpha0.01,grafo_original,1.3214792908475743,0.1256661018020453,0.227850195363448
GCLSTM_k1_h256_lags12_out11_alpha0.01,grafo_original,1.331246074747612,0.1265982095092723,0.2163937916087529
LSTM_k1_h256_lags12_out11_alpha0.01,grafo_original,1.340528472246183,0.1320714483375549,0.2054208335871194
GCRN_k1_h256_lags9_out11_alpha0.01,grafo_original,1.3094094593736307,0.1276821508263596,0.2418894015394425
GCLSTM_k1_h256_lags9_out11_alpha0.01,grafo_original,1.3181893257379695,0.1299219186375602,0.2316890204437323
LSTM_k1_h256_lags9_out11_alpha0.01,grafo_original,1.3426256092521551,0.1286080116782092,0.2029375004097438
GCRN_k1_h256_lags5_out4_alpha0.01,grafo_original,1.098939066741022,0.1131317582481807,0.4615512059936978
GCLSTM_k1_h256_lags5_out4_alpha0.01,grafo_original,1.1034041665454697,0.1137727672713851,0.4571650987771838
LSTM_k1_h256_lags5_out4_alpha0.01,grafo_original,1.1729287347868342,0.1211158239670155,0.3865956130264764
GCRN_k1_h256_lags11_out1_alpha0.01,grafo_original,0.959861997145392,0.0960860306325363,0.5904167050962392
GCLSTM_k1_h256_lags11_out1_alpha0.01,grafo_original,0.966592360498496,0.0938058323950659,0.5846485241653545
LSTM_k1_h256_lags11_out1_alpha0.01,grafo_original,0.9323438767774463,0.1025571059438181,0.6133754617867978
GCRN_k1_h256_lags10_out9_alpha0.01,grafo_original,1.2692895195723748,0.1222119742246719,0.2848456111931821
GCLSTM_k1_h256_lags10_out9_alpha0.01,grafo_original,1.2803196879454213,0.1230678033783956,0.2723604602470638
LSTM_k1_h256_lags10_out9_alpha0.01,grafo_original,1.304530721544826,0.1273432450449624,0.2445765865239972
GCRN_k1_h256_lags8_out12_alpha0.01,grafo_original,1.32963900368138,0.1318136966256537,0.2206114773599448
GCLSTM_k1_h256_lags8_out12_alpha0.01,grafo_original,1.3374971940029572,0.1337364358394073,0.2113700095078573
LSTM_k1_h256_lags8_out12_alpha0.01,grafo_original,1.3594463951212286,0.1295830838448498,0.1852755154822815
GCRN_k1_h256_lags5_out7_alpha0.01,grafo_original,1.2191418341492597,0.1278082573829875,0.3386196253501746
GCLSTM_k1_h256_lags5_out7_alpha0.01,grafo_original,1.2284718760352975,0.129136350814394,0.3284610601110765
LSTM_k1_h256_lags5_out7_alpha0.01,grafo_original,1.2620462597258668,0.130365998468357,0.2912543307929093
GCRN_k1_h256_lags11_out4_alpha0.01,grafo_original,1.0971309116682195,0.1044543223906095,0.451606512171118
GCLSTM_k1_h256_lags11_out4_alpha0.01,grafo_original,1.1054583619212917,0.1043411400738964,0.4432471655873798
LSTM_k1_h256_lags11_out4_alpha0.01,grafo_original,1.0944284081272466,0.1161870916739963,0.4543048380922137
GCRN_k1_h256_lags12_out3_alpha0.01,grafo_original,1.056639229225221,0.0999053225677055,0.4895482766316142
GCLSTM_k1_h256_lags12_out3_alpha0.01,grafo_original,1.0654770739166803,0.0997826057301217,0.4809756546269513
LSTM_k1_h256_lags12_out3_alpha0.01,grafo_original,0.9826991340750884,0.1047755744400463,0.5584494533173382
GCRN_k1_h256_lags10_out11_alpha0.01,grafo_original,1.313112931991065,0.1273034892962949,0.2375944002153639
GCLSTM_k1_h256_lags10_out11_alpha0.01,grafo_original,1.3216869725476956,0.128899881108867,0.22760648459995
LSTM_k1_h256_lags10_out11_alpha0.01,grafo_original,1.341336348179195,0.1298975740361654,0.2044704356691321
GCRN_k1_h256_lags7_out1_alpha0.01,grafo_original,0.962221689032296,0.1047446556748349,0.5876084658510241
GCLSTM_k1_h256_lags7_out1_alpha0.01,grafo_original,0.9601123379510736,0.1013367240236286,0.5894229903168773
LSTM_k1_h256_lags7_out1_alpha0.01,grafo_original,0.9816770188627866,0.0983155300582054,0.5707758908886157
GCRN_k1_h256_lags1_out14_alpha0.01,grafo_original,2.383126865608572,0.2998528222692294,-1.4934698781434943
GCLSTM_k1_h256_lags1_out14_alpha0.01,grafo_original,2.341239708439959,0.2954841361620971,-1.4067391915805303
LSTM_k1_h256_lags1_out14_alpha0.01,grafo_original,2.058731318859091,0.2517101460911922,-0.8606606005287969
GCRN_k1_h256_lags8_out8_alpha0.01,grafo_original,1.2357055134019852,0.121542548380416,0.3197785609696309
GCLSTM_k1_h256_lags8_out8_alpha0.01,grafo_original,1.243808817788569,0.1233994622598067,0.3108273463110648
LSTM_k1_h256_lags8_out8_alpha0.01,grafo_original,1.2877187666806509,0.1232794371861426,0.2613110886512217
GCRN_k1_h256_lags13_out5_alpha0.01,grafo_original,1.1559683858289571,0.1091764247161119,0.3945846936535506
GCLSTM_k1_h256_lags13_out5_alpha0.01,grafo_original,1.170406754605839,0.1097061187486063,0.3793685246633408
LSTM_k1_h256_lags13_out5_alpha0.01,grafo_original,1.1749359101761097,0.1188461356497802,0.3745515559368933
GCRN_k1_h256_lags3_out7_alpha0.01,grafo_original,1.320718683997849,0.1553038370243132,0.2237914991331427
GCLSTM_k1_h256_lags3_out7_alpha0.01,grafo_original,1.3217314637206876,0.1533718461671068,0.2225267412321402
LSTM_k1_h256_lags3_out7_alpha0.01,grafo_original,1.3362388185780048,0.1626758069647497,0.2054617555042524
GCRN_k1_h256_lags1_out12_alpha0.01,grafo_original,2.274298173572985,0.2864890384010764,-1.2783099615239677
GCLSTM_k1_h256_lags1_out12_alpha0.01,grafo_original,2.233937206439044,0.2808964482545618,-1.2006852745351793
LSTM_k1_h256_lags1_out12_alpha0.01,grafo_original,1.929541498290653,0.2374839375775898,-0.6390113915600064
GCRN_k1_h256_lags9_out10_alpha0.01,grafo_original,1.2892917509982544,0.1257452022670522,0.2642781118955934
GCLSTM_k1_h256_lags9_out10_alpha0.01,grafo_original,1.2990330259027554,0.1271022893175489,0.2531214493255764
LSTM_k1_h256_lags9_out10_alpha0.01,grafo_original,1.3300538503023145,0.1276439480238488,0.2170136716618662
GCRN_k1_h256_lags9_out5_alpha0.01,grafo_original,1.133704228219052,0.1107600495721587,0.4234544340020722
GCLSTM_k1_h256_lags9_out5_alpha0.01,grafo_original,1.1460279425235598,0.1112513005006649,0.4108566096329801
LSTM_k1_h256_lags9_out5_alpha0.01,grafo_original,1.1885998249161085,0.1175914950895252,0.366275713281632
GCRN_k1_h256_lags7_out10_alpha0.01,grafo_original,1.2882549308894562,0.1296522842334223,0.2654680062584994
GCLSTM_k1_h256_lags7_out10_alpha0.01,grafo_original,1.2970730361422027,0.1310215765245331,0.2553762099852523
LSTM_k1_h256_lags7_out10_alpha0.01,grafo_original,1.3235908331700226,0.1251406529859799,0.2246139731003248
GCRN_k1_h256_lags12_out10_alpha0.01,grafo_original,1.3023718264706354,0.1243406223977094,0.2475651380927058
GCLSTM_k1_h256_lags12_out10_alpha0.01,grafo_original,1.3120599777763542,0.1243780266437913,0.2363290583037175
LSTM_k1_h256_lags12_out10_alpha0.01,grafo_original,1.319334052609332,0.1310473891431858,0.2278298904388999
GCRN_k1_h256_lags14_out14_alpha0.01,grafo_original,1.3769932879735405,0.1289310109278282,0.1678863645465031
GCLSTM_k1_h256_lags14_out14_alpha0.01,grafo_original,1.3837732880290172,0.1303099954077668,0.1596714506050011
LSTM_k1_h256_lags14_out14_alpha0.01,grafo_original,1.3785304927639055,0.1328775728347889,0.1660281335294006
GCRN_k1_h256_lags3_out1_alpha0.01,grafo_original,0.950570413602282,0.0970620542377495,0.6083919081908672
GCLSTM_k1_h256_lags3_out1_alpha0.01,grafo_original,0.9431879673645048,0.0898358287062596,0.6144518166044387
LSTM_k1_h256_lags3_out1_alpha0.01,grafo_original,1.066326409266225,0.1098923833923493,0.5072078637667069
GCRN_k1_h256_lags12_out5_alpha0.01,grafo_original,1.145628714503239,0.1080012642601078,0.4053562272273422
GCLSTM_k1_h256_lags12_out5_alpha0.01,grafo_original,1.1507688024483027,0.1076676606917514,0.4000229125709174
LSTM_k1_h256_lags12_out5_alpha0.01,grafo_original,1.171244149082873,0.1181910424114307,0.3784822017183059
GCRN_k1_h256_lags13_out9_alpha0.01,grafo_original,1.282270268069568,0.1213641131243075,0.2677491242989678
GCLSTM_k1_h256_lags13_out9_alpha0.01,grafo_original,1.2926901623536242,0.1214446372184029,0.2557998186597969
LSTM_k1_h256_lags13_out9_alpha0.01,grafo_original,1.29551751837587,0.1270277542720997,0.2525391906481323
GCRN_k1_h256_lags8_out10_alpha0.01,grafo_original,1.2903508847945566,0.1276004727384119,0.2630765796783486
GCLSTM_k1_h256_lags8_out10_alpha0.01,grafo_original,1.2968710727060402,0.129163219121513,0.2556101889886704
LSTM_k1_h256_lags8_out10_alpha0.01,grafo_original,1.3311464465449674,0.1270581656488444,0.2157430621179218
GCRN_k1_h256_lags7_out7_alpha0.01,grafo_original,1.2098699717164922,0.1216351960388502,0.3486429162041391
GCLSTM_k1_h256_lags7_out7_alpha0.01,grafo_original,1.218995923555933,0.1227608864810364,0.3387803102599971
LSTM_k1_h256_lags7_out7_alpha0.01,grafo_original,1.2650702171517374,0.1220650490991714,0.2878472927222776
GCRN_k1_h256_lags1_out6_alpha0.01,grafo_original,1.7637324225472724,0.2228716478364766,-0.3808074243435786
GCLSTM_k1_h256_lags1_out6_alpha0.01,grafo_original,1.74236206769736,0.2190153703265837,-0.3490519361987988
LSTM_k1_h256_lags1_out6_alpha0.01,grafo_original,1.4379086258134162,0.1808333167545413,0.0827453097821269
GCRN_k1_h256_lags10_out13_alpha0.01,grafo_original,1.3508827448537597,0.13162492564338,0.1975215106558128
GCLSTM_k1_h256_lags10_out13_alpha0.01,grafo_original,1.3567351192234425,0.1326658532249225,0.190553790192242
LSTM_k1_h256_lags10_out13_alpha0.01,grafo_original,1.3706143241701718,0.131432655655937,0.1739078871084303
